0,Ericsson.,72,1991-08-16,1256
1,И поддерживается компанией Ericsson.,64,2004-06-08,1073
2,То же время,92,2014-07-26,1499
3,Чистый,13,2001-04-21,2204
4,"Концептуализации, определяющий",95,2002-08-31,1847
5,Время стандартная,0,2002-12-16,2003
6,Из самых распространённых,78,2015-12-24,1874
7,Организацию,94,2005-04-27,1646
8,Себя средства порождения,15,1989-12-23,1376
9,Программирование —,81,1995-11-01,1013
10,Нескольких NoSQL-базах данных,4,2002-02-24,1273
11,"Определение функции, которое",77,2022-10-19,1990
12,Форма организации простой,48,1969-05-17,1466
13,Синтаксис и,10,1997-11-30,1251
14,Простой интерактивной,49,1998-05-23,1294
15,В связи с,6,1981-11-27,1151
16,— форма организации простой,30,2009-06-22,2218
17,Черта языка,64,1973-02-08,1120
18,Поддерживаться,29,1989-08-28,2064
19,"Язык программирования общего назначения,",45,1972-09-20,1338
20,Совокупность идей,47,1977-09-26,1247
21,Из,35,1979-07-25,1511
22,Обычно транслируются,46,1965-11-09,1834
23,Минималистичен.,3,2022-12-15,1759
24,— высокоуровневый,5,2014-08-16,1105
25,Простой,88,2022-10-19,1664
26,"Программирования общего назначения,",87,2011-06-19,1274
27,"Стиль программирования, отличающийся обширным",65,2016-02-17,2794
28,Функциональный,98,1994-11-30,1342
29,Простой,71,1998-10-23,2985
30,Транслируются в,4,2016-03-23,1503
31,"Транслируются в специальный байт-код,",56,2004-06-02,1016
32,Расти,58,2002-10-31,4207
33,В,57,2002-05-12,4815
34,Это совокупность идей и,95,2013-09-16,2925
35,Организацию вычислений,7,2000-08-09,1062
36,Из самых распространённых,58,1985-11-08,1569
37,Век,95,2002-06-10,1211
38,— форма организации,9,1979-01-08,2640
39,На уровне системы типов,27,1998-05-21,2689
40,Транслируются в специальный,2,2001-03-08,2028
41,В,6,1958-05-01,1797
42,"Программирования, который скорее используется",45,1975-09-06,1205
43,Использует сопоставление с,75,2015-06-22,3820
44,И некоторые концепции Erlang,78,1990-01-02,1148
45,Java обычно транслируются в,15,1970-03-15,2568
46,Компанией Ericsson.,18,1975-08-10,2231
47,Организацию вычислений и,61,2014-02-18,1140
48,Функциональный язык программирования,99,1995-10-08,3259
49,Информации слишком,76,2005-06-17,1563
50,— серьёзное,4,2019-12-23,1412
51,Программирование может поддерживаться на,91,1972-05-06,1001
52,Организации простой интерактивной,96,1975-12-20,2897
53,Язык программирования с,74,2018-01-23,1105
54,"— стиль программирования, отличающийся",72,1976-02-22,1416
55,Одним из самых,19,1982-07-01,1209
56,Использует сопоставление,95,2010-08-02,1978
57,Применяется в,50,2000-02-13,1535
58,"Способ концептуализации,",96,1970-11-24,2170
59,Языка — серьёзное,63,1992-05-17,1070
60,Одним из,4,2013-12-06,6034
61,Использует,50,2001-10-29,1906
62,Программирование может поддерживаться на,25,2019-02-11,1616
63,Расти,31,1953-06-29,3150
64,— это совокупность идей,49,1996-11-15,2380
65,Простой интерактивной среды,54,2016-08-29,1224
66,— строго типизированный объектно-ориентированный,38,1979-03-15,1087
67,Время стандартная,73,2015-01-05,1792
68,Программирование — стиль,42,1985-02-16,1408
69,Начала,48,1947-02-01,1369
70,В,70,2020-11-23,3640
71,"Несколько парадигм программирования, в",14,2016-11-16,2696
72,— высокоуровневый,30,2018-01-07,5004
73,Из самых,16,1976-04-06,1183
74,"Программирования, отличающийся",30,2008-10-17,1210
75,Программирование может поддерживаться на,39,1977-03-07,1309
76,"Объектно-Ориентированный язык программирования, разработанный",40,1994-07-29,1374
77,Информации,28,2022-05-15,1199
78,Python минималистичен.,60,2020-05-04,1795
79,В себя,15,2000-10-01,2182
80,Для применения,82,1974-08-27,1134
81,Языка,14,1999-05-03,1319
82,"Определение функции, которое",68,1967-02-17,1974
83,Python минималистичен.,86,1991-09-29,1884
84,— стандартизированный чистый,67,1990-02-13,1073
85,Типизированный объектно-ориентированный,14,2014-10-12,6035
86,— серьёзное отношение,49,2003-08-30,1418
87,Был целенаправленно разработан для,37,2003-05-15,1910
88,"Способ концептуализации,",67,2016-01-20,2425
89,Организации простой,72,2004-10-18,1274
90,"Поддерживает несколько парадигм программирования,",65,2013-05-22,2315
91,И поддерживается компанией Ericsson.,52,2003-05-23,1227
92,Чистый функциональный,44,2003-02-12,1265
93,Программирования — это совокупность,9,1980-09-19,1301
94,"Функции, которое использует",3,2005-03-18,1177
95,Распространённых языков программирования с,16,1977-02-28,1232
96,Nosql-Базах данных высокой доступности.,48,1995-09-07,1963
97,Стандартизированный,89,2014-05-27,3105
98,Транслируются в,7,2018-01-06,1770
99,Java обычно транслируются в,12,2005-03-28,1948
100,Стандартизированный,2,2018-03-14,1136
101,Распространено даже,62,2011-06-29,1793
102,В нескольких NoSQL-базах данных,58,2004-11-06,2923
103,Начала,25,2017-09-11,2962
104,В нескольких,34,2009-06-05,1240
105,"Для применения в распределённых,",86,1999-07-19,1308
106,Объектно-Ориентированный,12,2021-01-10,1433
107,Программирования с сильной,8,1970-03-08,1173
108,—,24,2019-07-01,1885
109,Нескольких NoSQL-базах,27,2012-06-26,1422
110,Обычно транслируются в,19,2015-11-21,1454
111,Распространено даже на битовые,53,1974-11-11,1004
112,Которое,20,2018-06-20,1245
113,То,87,2002-07-30,1867
114,Java обычно,79,2013-07-12,1898
115,Ядра,61,1974-04-04,2494
116,— функциональный язык,94,2000-09-28,1236
117,Стандартная библиотека включает,39,2012-08-10,1631
118,Чистый функциональный,65,2009-10-27,1385
119,"Слишком много, чтобы понять",37,2008-02-08,1555
120,То же,52,2012-03-30,1492
121,"Слишком много, чтобы",61,1991-03-13,1901
122,Распространённых,65,2007-05-20,2706
123,Распространённых языков,64,1972-06-25,2006
124,Время,35,1953-06-25,4817
125,Образцом распространено даже на,86,2004-02-18,1679
126,Совокупность идей и,16,2000-02-01,1576
127,"Функции, которое",3,2013-12-30,1073
128,Образцом распространено даже на,26,1981-12-04,2540
129,Программирование,54,1974-02-08,3506
130,Наш век информации,3,2015-01-09,1071
131,Которое,38,2012-02-04,1457
132,"Является декларативным языком программирования,",63,1962-09-14,1135
133,Поддерживаться на,47,2009-01-09,3409
134,Ericsson.,50,1991-09-19,1448
135,— стиль,30,2019-11-17,2453
136,Может поддерживаться на,26,1974-05-31,1246
137,Черта,17,2010-08-17,1130
138,Определяющий,41,1998-03-07,1343
139,Век,14,1994-04-18,1380
140,Nosql-Базах данных высокой,16,1967-02-17,1544
141,Компанией Ericsson.,64,1997-09-29,1092
142,Функциональный язык,47,1973-06-05,1797
143,Стандартизированный чистый функциональный,67,1969-03-21,1040
144,Программирования общего,88,2003-04-17,2040
145,"Программирования, отличающийся обширным использованием",99,2004-06-18,1577
146,— стандартизированный,29,2004-10-01,1294
147,Наш век,59,1996-09-03,1801
148,Же время стандартная,82,1977-12-14,1329
149,Обычно транслируются в,49,2013-07-16,1018
150,Же время,84,2022-06-15,4847
151,Декларативным,96,2013-03-25,2054
152,В,94,2014-09-12,1747
153,Наш век информации слишком,13,1968-07-19,1612
154,Программирования с сильной,52,1990-05-22,1564
155,Ericsson.,75,2013-12-03,1649
156,Начала расти в связи,20,2021-11-19,1569
157,Некоторые концепции Erlang унаследовал,32,2014-04-28,3344
158,Программирование —,20,2010-07-02,1474
159,Стандартная библиотека включает большой,74,2010-12-02,2376
160,Которое использует сопоставление с,66,2017-08-04,1274
161,Компанией Ericsson.,18,2013-01-05,4451
162,Чистый,76,2004-11-24,1176
163,Определяющий организацию вычислений и,24,2000-04-18,1489
164,"Концептуализации, определяющий",64,1994-04-16,1395
165,Типизированный объектно-ориентированный язык,21,1997-08-01,2318
166,"Способ концептуализации, определяющий организацию",74,2014-02-03,1795
167,Одним,97,2018-07-23,1298
168,Век информации,43,2010-10-25,1175
169,"Стиль программирования,",86,2007-02-02,1082
170,Стандартная библиотека включает,76,1958-04-07,1413
171,"Программирования,",54,1999-06-12,1418
172,Форма,29,2006-07-22,1459
173,Стандартизированный чистый функциональный язык,5,1974-06-21,2635
174,"Объектно-Ориентированный язык программирования, разработанный",49,2010-11-10,1104
175,— функциональный,74,2010-10-25,2813
176,Образцом,88,2006-12-11,1123
177,"В специальный байт-код, поэтому",3,2015-07-02,3877
178,Концепции Erlang,32,2002-09-12,1141
179,Определение,38,1998-06-04,1523
180,Объектно-Ориентированный язык,2,1995-06-21,2343
181,На уровне,86,2019-10-23,3984
182,Определяющий,99,2005-12-26,1984
183,Средства порождения параллельных легковесных,0,1997-11-16,2181
184,— серьёзное отношение,87,1984-11-17,1085
185,Может поддерживаться,8,1977-04-28,1216
186,Ericsson.,43,2015-03-28,2548
187,"Языком программирования,",29,2011-08-26,1220
188,Несколько,29,1988-05-22,2030
189,— высокоуровневый,88,1986-09-28,1497
190,—,94,2022-12-26,1740
191,С образцом,94,2002-03-05,1039
192,Декларативным,90,2015-07-05,2518
193,С образцом,73,2015-11-19,1576
194,И,93,2002-05-16,3103
195,Программирования — это,69,2012-07-19,1082
196,"Совокупность идей и понятий,",53,2011-02-13,1815
197,Определяющий организацию вычислений и,34,2000-10-25,1771
198,"Для применения в распределённых,",18,1970-04-24,1819
199,Ядра Python минималистичен.,19,2020-10-14,1175
200,Включает в себя,46,1993-02-22,1362
201,Начала расти в,99,1995-12-02,4258
202,Же время,2,1996-12-15,2196
203,Программирования,31,2010-03-17,3562
204,Расти,42,1995-01-06,1940
205,— форма,74,2020-01-03,1031
206,Черта,16,1961-03-16,3207
207,"Функции, которое использует",36,2002-02-05,2672
208,Обычно,93,2002-11-26,1577
209,Нескольких,28,2001-02-02,2471
210,Стандартная библиотека,6,1951-06-13,2325
211,Языком,0,1998-04-06,1148
212,Простой интерактивной среды программирования,75,2011-09-27,1784
213,"Стиль программирования, отличающийся",21,1982-12-28,1863
214,Erlang начала расти в,40,2001-02-12,1570
215,Erlang начала расти,47,1992-01-14,4033
216,Поддерживаться на уровне,1,2017-08-02,1798
217,Ericsson.,77,2011-07-05,1999
218,Разработан для применения,22,2009-05-13,2336
219,"— стиль программирования, отличающийся",99,2001-04-09,2266
220,Минималистичен.,99,2011-02-20,1470
221,Поддерживаться на уровне системы,93,2018-04-25,2157
222,В специальный,96,2009-03-24,1023
223,Это совокупность идей и,90,1980-12-15,1150
224,Включает в себя средства,20,1999-09-12,2108
225,Чистый функциональный,7,2012-05-25,1210
226,Стандартизированный чистый функциональный язык,23,2010-10-15,4876
227,Время стандартная библиотека,31,1956-11-22,1429
228,Одним из,76,1965-09-11,1782
229,Типизированный объектно-ориентированный,80,2013-11-28,2671
230,Черта,25,2011-05-04,1290
231,"— стиль программирования,",88,2004-05-21,4071
232,Разработан для,25,1996-07-19,1146
233,Же время,14,1993-01-20,1825
234,— форма организации,2,1993-10-03,1078
235,Целенаправленно разработан для,69,2011-03-26,2095
236,"Декларативным языком программирования, который",1,2015-07-31,1504
237,Строго типизированный,6,2008-03-16,4139
238,Языка,18,2012-06-02,1886
239,Расти,51,2009-03-10,1425
240,Форма организации,42,2015-09-21,2858
241,"Программирования,",89,1993-04-26,6696
242,Начала расти в связи,13,2017-02-25,1260
243,С образцом распространено даже,89,1987-01-17,1432
244,Стандартизированный,62,1962-06-28,1004
245,Черта языка — серьёзное,6,2018-12-22,1138
246,Поддерживается компанией,17,2014-11-28,1129
247,Python минималистичен.,0,1986-12-24,3350
248,И,28,2018-11-06,1344
249,Несколько парадигм,85,1990-01-28,2201
250,—,98,1987-06-03,1457
251,Начала расти,15,1978-02-06,1877
252,Простой интерактивной среды,53,1990-10-15,1314
253,"Программирования, который скорее",20,2003-03-24,2945
254,Программирования с,1,2019-03-14,1291
255,Для применения,18,2019-07-04,1198
256,"Информации слишком много,",1,2010-01-12,1041
257,"Функции, которое",80,1965-04-10,3125
258,Организации простой интерактивной среды,46,1982-12-10,1508
259,Начала,62,1964-01-23,2234
260,Разработан для применения в,49,1990-04-25,1598
261,Язык,80,1969-02-17,1310
262,"— стиль программирования, отличающийся",40,2017-05-13,2581
263,И поддерживается,19,1976-05-21,1062
264,Концепции Erlang,16,2015-08-03,2256
265,То,93,2015-01-18,1296
266,Является,22,1988-02-06,1039
267,Определяющий организацию,37,2010-06-04,4748
268,"Язык программирования общего назначения,",75,2009-03-14,1886
269,Несколько парадигм,88,2013-03-03,3351
270,Же время стандартная библиотека,20,1995-07-04,1822
271,Это совокупность идей и,76,1987-09-01,2393
272,"Использует сопоставление с образцом,",59,2003-08-15,2077
273,"Программирования, который скорее используется",98,1992-11-12,1302
274,Включает,56,1980-08-03,1411
275,—,5,1985-02-19,3368
276,Из самых распространённых,91,2017-06-20,1037
277,"Является декларативным языком программирования,",40,2010-03-13,1731
278,Нескольких NoSQL-базах,46,1962-11-16,1712
279,"Программирования, отличающийся обширным использованием",39,2013-03-04,2185
280,"Определение функции,",61,1987-07-06,2631
281,—,92,1950-08-14,1227
282,Минималистичен.,19,1986-01-22,1513
283,И поддерживается компанией,41,1968-04-13,1804
284,Поддерживается,79,2012-03-07,2691
285,Себя,69,2015-06-12,1613
286,Серьёзное,85,1999-03-04,1683
287,Стандартизированный чистый,26,1998-01-26,2626
288,"Программирования общего назначения,",54,1990-08-07,1683
289,Концепции Erlang унаследовал от,47,2009-11-01,1100
290,Нескольких NoSQL-базах данных высокой,24,1989-03-17,1374
291,Поддерживает,52,1967-10-07,1662
292,Расти в,6,1959-02-18,1984
293,"Транслируются в специальный байт-код,",76,1988-08-14,2021
294,Некоторые концепции Erlang,1,2008-07-06,1407
295,Начала расти,85,1993-07-09,1948
296,Которое,96,2001-07-15,2236
297,Распространённых языков программирования,96,2006-01-22,1495
298,— стандартизированный чистый функциональный,33,1997-01-12,1199
299,Наш век,54,2003-06-08,1898
300,В себя средства,25,2019-08-12,3969
301,Программирование может,79,2009-07-02,1289
302,Распространённых языков программирования,59,1976-12-17,2104
303,"В специальный байт-код,",17,1983-01-19,5711
304,Python минималистичен.,91,1984-12-25,2075
305,Применяется,35,2017-10-16,2221
306,Наш век информации,94,2021-07-05,2044
307,Себя,44,2015-04-09,1584
308,В,4,2010-03-13,1423
309,Расти в,91,2012-06-19,5404
310,Программирования — это совокупность,36,1982-08-15,1627
311,Организации простой интерактивной среды,50,1990-06-30,1149
312,— строго типизированный объектно-ориентированный,0,2014-12-04,1541
313,Образцом распространено даже на,34,2011-05-09,1650
314,— форма организации простой,42,2016-12-05,2395
315,Простой интерактивной среды программирования,50,1996-08-28,1754
316,Средства порождения,25,2005-08-10,1178
317,Nosql-Базах данных высокой доступности.,11,2021-02-21,2671
318,— строго типизированный,19,1965-03-25,1608
319,"Является декларативным языком программирования,",16,1988-04-10,4935
320,"Программирования общего назначения, ориентированный",83,2011-05-30,1243
321,"Концептуализации, определяющий",72,1981-08-01,1088
322,Совокупность идей и,75,2022-12-06,4711
323,Типизированный,28,1998-12-30,3908
324,Нескольких,36,1970-06-13,1968
325,Функциональный язык программирования,85,1993-10-24,3995
326,Распространённых,45,1962-08-05,1579
327,Из самых распространённых языков,85,1991-12-28,1028
328,"Языком программирования,",81,1972-09-04,1445
329,Erlang начала расти в,87,1992-03-30,2263
330,Стандартизированный чистый,85,1995-12-24,1160
331,В себя средства порождения,3,2016-02-21,3367
332,Python,53,1983-07-23,1684
333,Парадигм,4,2022-05-22,1394
334,Стандартизированный,56,1988-07-15,1860
335,Из самых,88,1994-10-01,1023
336,Функциональный,87,2005-07-28,1780
337,Является декларативным,56,1983-09-17,2278
338,Определяющий организацию вычислений,24,2021-01-13,1493
339,—,69,2005-11-18,1324
340,Же время стандартная,45,2004-07-17,1490
341,"Концептуализации,",83,2013-09-23,1007
342,Минималистичен.,42,1994-09-30,1137
343,"Типизированный объектно-ориентированный язык программирования,",74,2019-10-01,1791
344,Программирования,81,1960-04-12,1278
345,Для применения,51,2011-10-22,3725
346,Самых распространённых,43,2002-05-06,4593
347,Может поддерживаться на уровне,74,2014-08-22,3438
348,Целенаправленно разработан для применения,37,2007-04-01,1014
349,И некоторые концепции,34,1982-04-06,5092
350,— стандартизированный чистый функциональный,29,1992-04-08,1144
351,Из,10,2006-03-11,2396
352,В,88,1991-04-02,1584
353,Язык,3,2015-04-11,1606
354,"Объектно-Ориентированный язык программирования,",11,2011-10-03,3581
355,Минималистичен.,95,2016-05-15,1411
356,Которое,47,2010-12-20,3630
357,Синтаксис,80,2006-03-24,1369
358,— это совокупность идей,54,2011-02-23,1002
359,Поддерживаться на,10,2011-09-21,1089
360,Язык программирования,12,2001-10-12,1708
361,"Совокупность идей и понятий,",45,1976-10-04,2671
362,Java обычно,88,1993-03-01,2118
363,Разработан для применения в,41,2005-01-27,1607
364,Простой интерактивной,28,2011-06-22,5079
365,Python минималистичен.,81,1976-09-22,1052
366,"Парадигм программирования, в",34,2011-12-09,1450
367,"Программирования, который скорее",17,2004-05-27,1731
368,В себя средства порождения,24,2007-07-19,3003
369,Поддерживается компанией Ericsson.,44,2017-08-09,1128
370,Программирования с сильной динамической,63,1995-09-24,2338
371,Себя средства порождения параллельных,81,2000-07-02,1240
372,"Стиль программирования, отличающийся обширным",87,1990-07-30,1530
373,Для применения в,24,2005-07-27,1756
374,Совокупность,68,1980-08-09,1194
375,Включает в себя средства,55,1984-02-03,1460
376,Языка — серьёзное отношение,6,1956-04-16,4189
377,Самых,1,2017-01-14,2022
378,Способ,96,1999-04-19,1079
379,"Век информации слишком много,",96,1964-06-08,1548
380,Декларативным,52,1943-05-10,1189
381,Поддерживаться на уровне,77,2017-09-17,2425
382,Python минималистичен.,35,2010-06-15,1253
383,Концепции Erlang унаследовал от,53,1977-03-01,2602
384,В связи с расширением,78,2021-12-20,1415
385,"Информации слишком много,",54,1979-08-28,1100
386,Парадигм,7,2008-11-23,3271
387,"Языком программирования, который",59,1997-09-04,2865
388,— строго типизированный,53,1971-01-26,1110
389,Для применения,67,1963-04-17,2841
390,Использует,78,1969-03-18,2239
391,Расти,39,2014-07-29,1676
392,Java обычно транслируются,85,2021-03-22,2150
393,Синтаксис и некоторые концепции,97,2009-09-30,1469
394,"Парадигм программирования,",70,1994-05-20,2064
395,Программирование,20,2007-10-18,1725
396,Обычно,92,1975-03-28,2722
397,"Слишком много, чтобы понять",87,1999-11-18,1226
398,Начала расти,87,1988-02-10,3150
399,"Функции, которое",92,2004-03-09,3032
400,Век информации слишком,89,1986-11-12,1578
401,"Стиль программирования,",69,2004-07-16,1290
402,Даже,16,1967-07-17,2274
403,Синтаксис,29,2010-05-03,2024
404,Компанией Ericsson.,21,1998-03-06,1009
405,Некоторые концепции,1,2000-07-21,2401
406,Использует сопоставление с,19,1958-04-04,2362
407,"Парадигм программирования, в",99,2010-09-11,3372
408,Функциональный,15,2014-11-14,1020
409,Для применения в,25,2011-12-16,2043
410,Разработан для,40,1996-02-29,1061
411,Которое использует сопоставление,94,2020-06-11,2730
412,Включает в себя,6,1961-03-10,1067
413,Черта,31,1958-03-20,1368
414,Себя средства порождения,44,2014-06-27,3496
415,Одним из,40,2011-09-08,2157
416,Нескольких NoSQL-базах данных,28,2009-03-06,1693
417,Себя средства,45,1989-09-28,1498
418,В связи,95,2008-10-03,1650
419,Расти в связи,96,2014-03-24,1631
420,Использует сопоставление,30,2010-11-26,1326
421,Даже,13,1983-12-04,1545
422,"Программирования общего назначения, ориентированный",46,1955-10-24,3881
423,Одним из самых распространённых,48,1974-07-21,2568
424,Минималистичен.,29,2014-06-16,2537
425,Форма,25,2001-03-21,1218
426,Слишком,64,1976-05-18,4096
427,Это совокупность,14,2000-12-10,3093
428,Язык программирования общего,41,1979-12-21,2909
429,Nosql-Базах данных высокой доступности.,67,2022-03-07,1057
430,На уровне,80,1990-03-06,3270
431,Время стандартная библиотека,87,1986-10-16,2088
432,— строго типизированный объектно-ориентированный,43,2001-09-03,2493
433,"Программирования, отличающийся обширным",25,2014-01-26,1559
434,— форма,94,2009-05-06,2083
435,Себя средства,28,2001-05-02,1525
436,Черта языка —,54,1991-12-11,1255
437,Разработан,35,1999-03-31,1671
438,Форма организации простой,14,1994-07-08,1617
439,Это совокупность идей,13,2001-07-08,2020
440,Поддерживается компанией,80,1987-03-19,1232
441,Это,99,2001-10-18,1317
442,Python минималистичен.,89,2005-03-06,1814
443,Может,81,2001-12-28,1538
444,Целенаправленно разработан,66,2016-02-28,1011
445,Даже на битовые,87,2016-10-27,2522
446,"Концептуализации, определяющий",82,2000-10-09,1097
447,Использует сопоставление,82,1977-06-13,1350
448,—,88,2007-12-11,1839
449,Строго типизированный объектно-ориентированный язык,66,2000-03-03,1765
450,Некоторые концепции Erlang унаследовал,21,2013-12-15,1268
451,Является декларативным языком,55,2008-06-10,1293
452,— это совокупность идей,76,2000-10-08,2335
453,Расти в,74,2011-04-19,3777
454,Образцом распространено,93,2018-06-10,2103
455,Программирования общего,48,1951-01-17,1851
456,Стандартная,39,1977-05-25,2585
457,"Программирования, отличающийся",97,2022-11-16,3061
458,Парадигм,92,1957-06-29,1431
459,Образцом распространено даже,62,2000-09-29,1081
460,— форма организации простой,90,1988-11-26,1625
461,—,62,1997-05-17,1477
462,Был целенаправленно разработан,25,2001-01-03,1727
463,Распространённых,63,1951-08-04,2159
464,В нескольких NoSQL-базах,91,2001-07-12,1130
465,Чистый функциональный,78,1956-04-29,3035
466,Организации простой,76,1962-10-17,1453
467,Программирования —,20,1995-12-12,1682
468,Стандартизированный чистый,53,1992-08-07,2465
469,На уровне,69,2020-02-04,1968
470,Распространённых языков программирования,39,1988-10-15,1296
471,Программирование — стиль,32,1999-01-20,2487
472,Слишком,75,2011-05-04,2077
473,Минималистичен.,57,1989-09-22,2693
474,Стиль,64,2005-10-09,3477
475,То же время,71,2014-09-09,1589
476,Стандартная библиотека включает большой,0,1986-01-08,2731
477,С образцом,97,2015-01-05,3404
478,Форма организации,89,1989-04-26,1590
479,И,37,2003-11-01,2780
480,Программирования,93,2022-11-04,1097
481,Высокоуровневый язык,24,1999-10-18,1459
482,—,59,2005-04-06,1152
483,Ericsson.,1,2010-06-12,1477
484,Поддерживается компанией Ericsson.,70,1994-04-23,1731
485,Одним,36,1982-09-10,1075
486,"Слишком много, чтобы понять",20,2013-01-14,2729
487,Же время,31,1980-04-02,1720
488,Наш век информации,0,2010-02-23,2129
489,— высокоуровневый,80,1975-12-23,1704
490,Информации слишком,83,1987-06-07,1934
491,Нескольких NoSQL-базах данных высокой,89,2020-09-12,2392
492,Совокупность идей и,87,1988-03-14,1085
493,В нескольких NoSQL-базах данных,44,2020-11-15,1046
494,Стандартизированный чистый функциональный язык,76,1969-08-22,2099
495,"Концептуализации, определяющий",13,1970-02-22,1327
496,Функциональный,15,1970-05-19,1528
497,Применяется,48,2002-01-06,1513
498,Распространённых языков,54,1983-01-18,1087
499,На уровне,46,2005-01-14,1907
500,"Информации слишком много,",89,1976-01-01,2718
501,Объектно-Ориентированный язык,38,1950-09-08,1573
502,С,40,2010-04-02,6466
503,— функциональный язык программирования,52,1979-10-16,1605
504,Декларативным,37,2005-03-30,1300
505,Поддерживаться,87,2002-05-19,1687
506,Образцом распространено даже на,95,2007-09-10,3409
507,Концепции Erlang унаследовал от,11,2011-11-24,3472
508,"Программирования, отличающийся обширным",1,2020-07-11,1622
509,Язык программирования с сильной,38,1968-05-23,1168
510,— высокоуровневый язык программирования,55,1990-09-08,2245
511,Некоторые концепции,12,2006-07-25,1688
512,Себя средства порождения,31,2001-06-24,1691
513,— форма организации,36,1989-07-26,1018
514,Nosql-Базах данных,36,1989-05-05,3636
515,Стиль,85,2020-06-26,3538
516,Применяется в нескольких NoSQL-базах,54,2014-03-16,1182
517,В нескольких,5,1986-03-31,1405
518,Программирование может поддерживаться,93,2004-10-26,2330
519,"Поддерживает несколько парадигм программирования,",54,2018-04-16,1277
520,Же время,52,1986-06-18,2564
521,Может поддерживаться на,73,2003-09-22,1580
522,Язык,91,1962-12-11,1284
523,— строго,20,1989-10-09,1048
524,"Функции, которое",74,2005-08-30,1568
525,Строго типизированный,90,1997-12-03,1326
526,На,77,2007-10-20,1594
527,На уровне системы,28,2020-08-26,1314
528,Концепции Erlang унаследовал от,54,1973-02-18,2439
529,На уровне,89,1992-06-24,1353
530,Одним из,96,1978-03-07,1833
531,Минималистичен.,35,1963-05-01,1851
532,"Определение функции, которое",28,2022-05-08,2490
533,Программирование —,73,2018-10-12,2697
534,"Транслируются в специальный байт-код,",5,1987-05-21,1126
535,Минималистичен.,24,2002-03-18,1028
536,—,87,1982-04-02,2185
537,"Концептуализации, определяющий организацию",59,2006-07-26,4425
538,—,93,2009-05-17,1512
539,Средства порождения параллельных легковесных,66,2004-11-10,2121
540,Организацию вычислений и,21,2020-10-09,1048
541,"Слишком много,",85,2007-12-19,1351
542,Распространено,60,2002-02-28,1222
543,С образцом распространено,76,1961-10-14,1786
544,Функциональный язык программирования с,8,1996-11-28,1897
545,Время стандартная библиотека,72,1997-12-24,1890
546,Информации слишком,91,2007-05-09,2160
547,"Слишком много, чтобы понять",38,2018-08-11,3381
548,И поддерживается компанией Ericsson.,41,2013-06-11,1498
549,— стандартизированный чистый функциональный,88,2021-07-24,1625
550,Черта языка — серьёзное,31,1996-05-18,2872
551,Стандартная,88,2018-02-20,2135
552,Для применения в,48,1988-05-08,2159
553,Несколько парадигм,88,1992-11-06,1233
554,Программирования,79,2020-08-02,1649
555,Был целенаправленно разработан,64,1971-02-03,2303
556,Ericsson.,13,2012-03-15,1652
557,Минималистичен.,62,1953-02-22,7337
558,Функциональный язык,76,1995-02-07,2083
559,Некоторые концепции Erlang унаследовал,36,1997-05-21,2078
560,"Для применения в распределённых,",66,1998-01-25,1677
561,Из самых распространённых языков,93,2017-12-02,1338
562,Начала,11,2020-03-18,4417
563,Erlang,3,2016-05-01,1601
564,— стандартизированный чистый,34,1995-10-12,1581
565,Синтаксис и некоторые,36,1971-05-16,2216
566,Даже,65,2022-03-06,1520
567,"Программирования, в",10,2009-02-13,1431
568,Начала,87,2006-02-17,2159
569,Был целенаправленно разработан,13,1960-04-03,1246
570,Черта языка —,25,2018-01-11,1268
571,"Определение функции, которое",62,1987-01-10,1313
572,"Стиль программирования, отличающийся",47,2016-06-08,1023
573,"Программирования, отличающийся",65,2020-04-17,1649
574,Несколько,91,1952-08-22,3065
575,Средства порождения параллельных легковесных,34,2003-12-12,2154
576,Определение,8,1974-09-04,2171
577,"— стиль программирования, отличающийся",32,1998-06-24,2309
578,Синтаксис,22,2019-06-14,2797
579,Даже на битовые,84,2012-10-09,1280
580,То же,81,2020-04-15,1823
581,"Программирования общего назначения,",70,2006-02-03,2248
582,"Концептуализации, определяющий организацию вычислений",54,2002-12-31,1005
583,Транслируются в специальный,54,1981-02-15,1168
584,— это совокупность,27,1996-05-17,1899
585,Концепции,77,2002-11-02,1595
586,Время стандартная библиотека,43,2019-11-12,1596
587,"Объектно-Ориентированный язык программирования, разработанный",55,1997-04-07,1524
588,Организацию вычислений,17,1994-05-06,1586
589,Которое,48,1972-11-29,2911
590,— серьёзное отношение,92,1991-01-30,1907
591,Даже на битовые,87,2020-10-21,1015
592,Форма организации простой интерактивной,95,2014-08-27,1901
593,— строго типизированный объектно-ориентированный,67,1982-10-13,2163
594,"Определение функции,",32,2015-01-14,1913
595,Функциональный язык,87,1992-08-11,1128
596,Является декларативным языком,11,2006-11-02,2191
597,Организацию вычислений и,55,2004-06-23,1205
598,Чистый функциональный язык,60,1973-02-14,1037
599,Даже на,21,1971-12-19,3287
600,Время стандартная библиотека включает,98,1978-06-29,1879
601,Python,60,1973-12-31,1384
602,—,11,2017-04-27,1745
603,Python минималистичен.,14,2008-01-10,1218
604,"Парадигм программирования,",11,2013-01-10,4280
605,Распространено даже,99,1999-08-12,2032
606,Язык программирования с,13,1990-08-04,1224
607,Распространено даже,21,1990-10-21,1034
608,Синтаксис и некоторые концепции,90,2003-12-26,2449
609,Строго,4,2015-10-30,3596
610,Был целенаправленно разработан для,84,2012-07-18,3399
611,Это совокупность идей и,68,1967-04-26,1628
612,Разработан для применения в,94,1994-04-07,1326
613,"Слишком много, чтобы понять",73,2005-11-06,1428
614,Себя средства порождения,22,1973-10-10,3736
615,Поддерживает несколько парадигм,27,2013-08-23,1575
616,Стандартизированный чистый функциональный,46,2006-05-11,2859
617,То,66,1997-07-31,1843
618,Поддерживает несколько парадигм,97,2017-11-01,1308
619,—,51,2017-11-01,2002
620,"Слишком много,",34,2016-05-30,2054
621,Использует сопоставление с,49,2016-01-03,1162
622,Информации,66,2008-04-06,1379
623,Целенаправленно разработан для применения,15,2022-03-24,1098
624,Расти в связи с,68,1982-05-14,2437
625,Минималистичен.,38,1962-02-03,1409
626,—,10,2015-09-20,3190
627,Начала расти в связи,71,2020-05-06,1326
628,Поддерживаться на,16,1959-12-13,1549
629,"Языком программирования, который скорее",35,1948-01-14,1334
630,"Способ концептуализации, определяющий организацию",70,2008-05-08,1830
631,Которое использует сопоставление с,99,2003-05-19,2726
632,Нескольких NoSQL-базах данных,59,2008-06-26,1802
633,Распространено даже на битовые,51,2014-10-08,1066
634,Организацию вычислений и,78,1947-07-29,3090
635,— форма,16,1948-04-12,1010
636,Из самых распространённых,56,1998-11-29,1226
637,Целенаправленно разработан для применения,71,2003-09-18,2335
638,Был целенаправленно,49,1996-05-25,2168
639,"Программирования, отличающийся",36,2021-10-09,1883
640,Функциональный язык программирования,41,2018-02-11,1509
641,Программирования — это,50,2007-01-22,2455
642,Применяется,48,2005-12-21,1379
643,Язык,82,2020-10-12,1388
644,"Языком программирования, который скорее",8,1986-05-18,1396
645,"Способ концептуализации, определяющий",34,1987-02-26,1754
646,Erlang,12,1996-01-01,2064
647,— строго типизированный объектно-ориентированный,13,1993-01-13,2405
648,Самых распространённых языков,73,2011-02-16,1082
649,Строго типизированный,22,1987-11-23,1363
650,Одним из,0,2005-04-23,1423
651,"Концептуализации, определяющий",73,2015-01-18,1899
652,С образцом,97,2008-03-06,3546
653,"Способ концептуализации, определяющий организацию",47,1978-02-19,3015
654,Язык программирования общего,94,1995-06-13,1454
655,Простой интерактивной среды,18,1979-07-24,2626
656,— высокоуровневый язык программирования,71,2009-06-08,1206
657,Высокоуровневый язык программирования,43,2016-02-22,3188
658,Это совокупность,3,2011-10-22,1149
659,Ядра,83,2014-03-14,2505
660,И,69,2005-10-29,1886
661,Поддерживается компанией,60,1983-05-18,1738
662,Для применения в,72,2012-12-28,1104
663,Концепции Erlang,91,1987-07-16,1806
664,Совокупность идей,31,1969-01-12,1249
665,Время стандартная библиотека,86,1998-08-17,4289
666,На,20,1984-11-13,1424
667,"Функции,",43,2017-10-07,1248
668,Нескольких NoSQL-базах,11,2020-08-08,1023
669,Типизированный,29,1987-01-23,2640
670,Синтаксис,21,1986-08-14,1555
671,Программирование,20,2001-02-05,1215
672,Из,12,2020-08-07,2025
673,Это совокупность идей,52,1982-03-01,1103
674,"Способ концептуализации, определяющий",18,2006-11-17,1033
675,Nosql-Базах данных,2,2019-04-03,1883
676,Даже на битовые,98,1991-04-18,3113
677,"Даже на битовые строки,",49,1998-05-31,1118
678,"Программирования, который скорее используется",55,2011-11-03,1006
679,Язык программирования с,79,2011-05-25,2363
680,— высокоуровневый язык,15,1995-03-19,1127
681,Наш век информации слишком,54,1986-06-26,2151
682,Концепции Erlang,91,1995-02-02,1687
683,Минималистичен.,97,2012-11-16,2339
684,Чистый функциональный язык программирования,74,2021-04-04,1229
685,Стандартизированный чистый функциональный,89,1979-05-15,3363
686,"Программирования, в",18,1968-03-05,2167
687,Несколько парадигм,37,2012-12-25,1043
688,Из самых,70,2020-03-03,1233
689,Самых,56,1987-01-16,1095
690,"Слишком много, чтобы понять",92,1973-09-05,1106
691,Расти в,66,2018-03-12,2536
692,Nosql-Базах,79,2015-07-06,1105
693,С образцом распространено,31,2015-06-28,2960
694,Применяется в,86,2020-09-09,2010
695,Серьёзное,1,2018-11-04,1156
696,Стиль,87,2006-02-24,2745
697,Поддерживаться на,19,1986-03-21,2242
698,Средства порождения,29,2008-04-04,1042
699,Erlang начала расти,39,2016-11-12,1193
700,Был целенаправленно разработан для,89,1999-05-06,1092
701,Erlang начала,17,1996-06-16,1719
702,Время стандартная,71,1993-11-02,3014
703,Обычно транслируются,22,1980-07-27,2364
704,— стандартизированный чистый,16,1948-05-22,1715
705,Черта языка,9,1998-12-29,1453
706,"Информации слишком много,",20,2016-03-19,1191
707,Распространено даже на,48,1957-12-18,2428
708,"Транслируются в специальный байт-код,",82,2022-12-04,1715
709,— это,62,1949-06-30,3890
710,Это совокупность идей и,35,1948-07-18,1743
711,Серьёзное отношение к типизации.,93,2007-01-10,1081
712,"Определение функции,",17,2019-04-09,1425
713,Стандартная библиотека включает большой,44,2010-03-31,1049
714,"Концептуализации,",48,2004-04-03,4297
715,"Программирования общего назначения,",34,1978-10-29,1284
716,Черта языка — серьёзное,14,2018-04-16,1062
717,Включает в себя,45,2015-01-16,4743
718,Python минималистичен.,36,1970-01-30,1152
719,Распространено даже на битовые,54,1978-07-28,1252
720,Синтаксис,15,1976-02-04,1488
721,Декларативным языком,45,2020-10-06,2239
722,Использует,15,1989-09-29,1148
723,Это,76,1977-04-11,1627
724,Программирование может поддерживаться на,63,1974-05-31,1075
725,"Парадигм программирования, в том",18,2020-02-16,1084
726,— функциональный язык,90,1980-01-21,3816
727,Из самых,29,2003-02-05,1032
728,— функциональный язык программирования,48,1996-05-16,3095
729,"Языком программирования, который скорее",39,2011-09-17,1639
730,Поддерживаться на,98,1996-09-04,1704
731,"В специальный байт-код, поэтому",31,1955-01-13,1375
732,Языка,37,2006-02-24,2300
733,Одним,66,2021-06-21,1194
734,Обычно транслируются в специальный,67,2010-10-28,1102
735,Самых распространённых языков программирования,83,2005-04-08,2470
736,Язык,3,2011-09-22,1798
737,В нескольких NoSQL-базах данных,61,2010-02-01,1133
738,В,33,1999-10-12,1413
739,Программирования,30,2006-12-18,1374
740,Серьёзное отношение к типизации.,71,2021-10-13,6390
741,Язык,17,2022-11-14,1460
742,— серьёзное отношение к,41,2017-08-27,1366
743,Простой,26,2020-09-06,1934
744,Одним,42,2010-01-09,3071
745,"Парадигм программирования,",88,2018-05-16,3645
746,Строго типизированный,16,2013-02-07,5501
747,Слишком,3,2014-08-28,1027
748,Типизированный объектно-ориентированный,96,1981-07-18,1232
749,"Декларативным языком программирования,",57,1996-02-11,1343
750,Применяется в,21,1976-05-26,1246
751,Ericsson.,66,1995-05-26,1141
752,Типизированный объектно-ориентированный,94,2022-09-11,1452
753,"Способ концептуализации, определяющий",82,1975-03-19,1284
754,Программирования с сильной,13,1980-07-17,1941
755,Ericsson.,97,2010-01-28,2682
756,Программирование,60,1988-04-29,1748
757,Был,16,2021-11-14,1310
758,Нескольких NoSQL-базах данных высокой,13,1978-01-19,1556
759,Стандартная,92,1979-07-27,1862
760,Распространено даже на,28,2016-03-08,1332
761,"Функции, которое использует",33,2022-05-22,1061
762,Начала расти в связи,8,1989-12-09,1510
763,Это совокупность идей,6,1998-04-17,1224
764,"Программирования,",35,1954-01-23,3591
765,И некоторые концепции Erlang,24,2019-05-22,3271
766,Высокоуровневый,92,1966-01-14,2019
767,В себя средства порождения,27,2018-01-10,1331
768,Поддерживает несколько,75,2006-11-25,2486
769,Объектно-Ориентированный язык,0,2013-06-01,1375
770,—,9,1985-09-16,1688
771,Некоторые концепции Erlang,9,1952-09-04,1088
772,Язык программирования с,19,1962-07-26,1313
773,Типизированный объектно-ориентированный,99,2018-10-27,1089
774,Ericsson.,61,2008-09-28,2212
775,Концепции Erlang,11,2019-06-07,2328
776,Стандартизированный чистый функциональный,85,2006-05-15,1400
777,— серьёзное,57,2006-09-30,1303
778,— серьёзное отношение,94,2011-08-08,1487
779,"Слишком много,",2,1997-07-03,1702
780,Языка — серьёзное отношение,19,1972-08-12,1221
781,Черта языка —,93,2021-09-01,1770
782,— стандартизированный,39,1985-07-23,1227
783,Организации простой интерактивной,3,2006-10-05,1391
784,Включает в,98,2008-10-10,1308
785,Концепции,68,2018-05-06,1919
786,— серьёзное отношение к,15,1995-12-10,2024
787,Черта языка,28,2021-09-15,1414
788,Язык программирования с,45,1997-10-08,1245
789,Использует,87,1991-07-27,1234
790,"Информации слишком много, чтобы",47,1995-04-24,1070
791,— высокоуровневый язык,89,1993-08-19,1007
792,Организации простой,23,2013-06-06,1131
793,Программирования с сильной динамической,65,2009-09-23,2876
794,Образцом,84,1975-03-29,1243
795,Серьёзное отношение к,83,1993-06-01,1260
796,Даже на битовые,72,2016-11-27,1299
797,Программирования — это,15,2022-01-10,1088
798,Применяется в,85,2001-11-23,2408
799,Распространено,55,2014-09-11,2560
800,Наш век информации,71,1991-01-27,1297
801,—,74,2013-09-14,1770
802,В,96,1969-09-30,1057
803,Распространено,57,2019-11-29,1093
804,Язык программирования,33,2011-12-19,4936
805,Чистый функциональный,69,2009-01-19,1330
806,"Программирования,",62,1988-04-27,2155
807,"Язык программирования общего назначения,",84,1974-05-02,1570
808,Был целенаправленно разработан,80,1960-10-29,2732
809,Нескольких NoSQL-базах,26,2003-10-08,3519
810,Минималистичен.,78,1977-12-19,1940
811,Строго типизированный,85,2013-11-10,2069
812,Может поддерживаться на,94,2012-11-28,3815
813,"Концептуализации, определяющий организацию",91,2009-07-23,1095
814,Серьёзное,46,1985-01-12,1417
815,Строго,92,2015-11-06,3601
816,— форма организации простой,8,1991-08-10,4453
817,Парадигм,14,1994-08-26,1261
818,Ericsson.,91,1956-11-23,2718
819,"Функции,",67,1974-03-25,3408
820,"Программирования общего назначения, ориентированный",31,1958-03-22,2172
821,Нескольких NoSQL-базах данных высокой,34,2017-08-30,1106
822,Же время,51,2006-02-15,1741
823,Может поддерживаться на уровне,76,2010-01-15,1491
824,Из,36,2018-03-06,2161
825,"Парадигм программирования, в том",48,1989-08-02,1950
826,Средства,30,2006-05-09,2990
827,Начала расти,51,2011-04-25,2018
828,Языка —,90,2005-11-24,2084
829,"Объектно-Ориентированный язык программирования, разработанный",97,2012-09-07,1016
830,Наш век информации,57,1989-09-21,1650
831,"Способ концептуализации, определяющий",67,1982-04-28,1372
832,— высокоуровневый язык программирования,96,1963-08-28,1093
833,В связи,23,1991-06-23,1119
834,Компанией Ericsson.,2,2011-10-15,1057
835,"Программирования, отличающийся обширным",77,2013-02-17,1584
836,"Программирования общего назначения, ориентированный",62,1967-01-26,1191
837,Серьёзное отношение,74,2010-10-03,1474
838,Определяющий,21,2012-01-10,1346
839,"Совокупность идей и понятий,",91,2011-07-30,1600
840,Может поддерживаться на,50,1998-05-03,1231
841,Стандартная библиотека включает,14,2016-10-05,3054
842,"Функции, которое использует сопоставление",85,1999-08-30,3997
843,Язык программирования,33,2003-03-14,1696
844,Программирование — стиль,7,1992-04-24,2827
845,Себя средства порождения параллельных,62,1949-05-03,1341
846,Нескольких NoSQL-базах данных высокой,12,2018-01-18,1264
847,Java обычно,99,2012-03-08,1021
848,Типизированный объектно-ориентированный язык,72,2021-09-27,1864
849,"Функции, которое использует сопоставление",33,2014-10-27,3678
850,На уровне,38,1962-04-22,1611
851,Языка,31,2000-12-17,2005
852,Совокупность идей и,82,2007-11-21,3219
853,"Определение функции,",68,2011-08-19,1484
854,Организации простой,71,2003-02-08,1306
855,Nosql-Базах данных,87,1994-04-05,1690
856,Это совокупность идей,21,2019-06-15,2044
857,Же время стандартная библиотека,84,1979-09-12,4750
858,Самых распространённых,24,1987-04-30,2586
859,Стандартная библиотека включает,69,2015-09-26,1568
860,—,97,2007-09-07,1200
861,С образцом распространено,28,2014-12-23,2035
862,Себя средства порождения параллельных,80,1980-07-15,1181
863,Одним,14,1998-04-30,5465
864,— серьёзное,84,1997-02-28,1626
865,Же время,58,1996-08-21,1992
866,— это,96,2016-02-01,3390
867,Распространённых,27,2009-10-11,1370
868,Программирования —,96,1978-04-18,1632
869,Распространённых языков программирования с,94,1998-08-17,1906
870,Черта языка —,86,2015-10-01,1546
871,Транслируются в специальный,95,2021-05-31,2902
872,Некоторые концепции Erlang,87,1989-04-09,2037
873,Программирование,89,2008-05-30,1416
874,—,2,1991-11-04,1054
875,— стиль,20,2014-10-15,2038
876,"Программирования общего назначения,",58,2007-02-27,1050
877,С образцом распространено,50,2016-10-05,1661
878,Образцом распространено даже,96,1977-09-13,4118
879,В связи с расширением,88,2000-12-25,1712
880,Ядра Python минималистичен.,36,1973-09-04,1680
881,"В специальный байт-код, поэтому",91,1984-12-12,2826
882,Синтаксис и некоторые,77,1988-11-11,1053
883,Обычно транслируются в специальный,77,1989-09-21,1020
884,Простой,53,1993-08-28,1176
885,Образцом,58,1994-11-09,2487
886,"— стиль программирования,",7,2017-08-06,7643
887,Программирование —,94,2020-06-12,2642
888,"Способ концептуализации, определяющий организацию",28,2017-08-15,1773
889,На,29,1989-07-30,1388
890,Образцом распространено даже,41,1989-12-24,5017
891,Использует сопоставление,80,1964-03-04,1445
892,Включает в,85,2014-10-21,2751
893,Java,15,1961-01-21,2963
894,—,68,1987-12-11,4829
895,"Программирования общего назначения, ориентированный",53,1993-07-09,1228
896,Поддерживаться на уровне системы,50,2013-11-15,1631
897,То же,58,1982-05-24,1328
898,"В специальный байт-код,",11,2021-06-14,1692
899,— серьёзное отношение,64,2015-09-19,1115
900,"Стиль программирования, отличающийся обширным",70,2003-04-04,3875
901,Типизированный объектно-ориентированный,18,1988-12-29,1786
902,Язык,16,2013-10-31,1724
903,Включает в себя средства,79,2006-02-04,1015
904,Начала,90,1991-10-06,1735
905,"Функции, которое использует",50,1990-11-10,1142
906,Поддерживается компанией Ericsson.,4,2006-01-06,2797
907,Поддерживаться на уровне системы,76,2020-03-26,1674
908,Является декларативным,80,1996-09-10,2383
909,Организацию вычислений и структурирование,76,2009-06-09,1274
910,Средства порождения,21,1973-05-16,1468
911,Образцом распространено,86,1998-08-19,2468
912,Erlang начала расти,77,1993-05-15,1115
913,Простой,93,2020-05-05,2584
914,Высокоуровневый,52,1950-05-18,2060
915,"Программирования, отличающийся",32,1998-09-28,1641
916,Язык программирования,17,2009-04-25,2668
917,Одним из самых распространённых,15,2002-10-18,1314
918,На уровне системы типов,80,1972-02-11,1306
919,Начала расти в,36,1996-10-31,2435
920,"Способ концептуализации, определяющий",82,2014-04-25,1549
921,Высокоуровневый язык программирования общего,12,2011-03-29,1232
922,Функциональный язык программирования,71,1994-11-24,1029
923,На,36,1991-05-05,2005
924,Может поддерживаться на,72,2000-08-26,1200
925,Строго типизированный объектно-ориентированный,3,2008-05-28,1275
926,Разработан для применения,42,1979-11-03,1964
927,Программирование —,13,1968-02-19,1265
928,Поддерживаться,54,1993-01-11,2112
929,Минималистичен.,97,2022-03-17,1209
930,Стиль,53,2008-11-25,3609
931,"Программирование — стиль программирования,",75,2016-07-21,3617
932,В,96,2020-10-11,1376
933,Обычно,18,2013-10-04,1003
934,Транслируются,41,1980-05-10,1162
935,Включает в себя средства,57,1985-01-17,1133
936,Организации,37,2020-12-28,1019
937,Языка — серьёзное,91,1997-08-14,1094
938,"Слишком много, чтобы понять",65,2019-03-14,1254
939,Наш век информации,36,1973-02-02,1474
940,Стандартная библиотека включает,29,1991-03-22,3781
941,Совокупность,26,1977-12-03,1046
942,Программирование,40,1999-01-08,1330
943,Организации простой интерактивной среды,96,2018-12-11,1425
944,Строго,4,2002-06-05,3991
945,"Информации слишком много, чтобы",86,2006-12-17,1549
946,Самых распространённых,93,2004-12-01,1244
947,"Слишком много, чтобы",90,2013-06-21,1359
948,Ericsson.,11,2007-11-28,1306
949,"Программирования, в том",57,1996-12-20,1364
950,—,14,2000-01-02,1026
951,Определяющий организацию вычислений и,58,2020-05-30,3279
952,— стандартизированный чистый,75,2020-04-26,1813
953,Наш век информации слишком,86,1995-09-07,2276
954,"Программирование — стиль программирования,",24,2014-02-04,5164
955,Компанией Ericsson.,90,2001-04-30,1138
956,Программирования —,66,2007-02-05,2169
957,Функциональный язык,90,2012-10-01,1091
958,"Типизированный объектно-ориентированный язык программирования,",57,2021-06-12,1061
959,Некоторые концепции,91,1965-04-23,2266
960,Это совокупность,5,1971-08-24,1615
961,Программирование,64,1966-04-16,1221
962,Синтаксис и,48,1955-12-14,1680
963,И поддерживается компанией Ericsson.,32,2002-09-08,1093
964,В связи с расширением,91,1953-08-03,1120
965,— стандартизированный чистый,33,1985-01-16,1322
966,"Определение функции, которое использует",85,1996-02-26,2265
967,Программирование может,57,1995-10-02,1380
968,Программирование может,47,2002-09-28,1772
969,"Декларативным языком программирования, который",45,1970-06-03,2139
970,Организацию вычислений,15,1987-08-09,2827
971,Даже на битовые,19,1999-05-03,1138
972,Определяющий организацию вычислений,88,2012-01-22,2084
973,— строго,75,2020-11-12,1554
974,"Даже на битовые строки,",50,2013-12-03,3126
975,Средства порождения параллельных,17,2019-12-23,1130
976,Язык,2,1997-02-24,2417
977,Java,48,1986-12-12,1507
978,"Для применения в распределённых,",49,2010-05-21,2681
979,Стандартная библиотека включает,76,1989-07-10,1164
980,"Концептуализации, определяющий",16,2008-11-18,1377
981,Программирования,83,2011-07-23,2733
982,Век информации,44,2004-10-28,2618
983,Форма,60,1990-02-24,4857
984,С,80,1972-05-11,1072
985,Распространённых языков программирования с,1,2005-08-06,1067
986,Функциональный язык программирования,97,2019-03-29,2381
987,Nosql-Базах данных высокой доступности.,90,2003-12-04,1969
988,Объектно-Ориентированный язык,0,1985-11-29,1666
989,"Программирования общего назначения,",89,1988-04-27,1205
990,Синтаксис и некоторые,63,2007-07-31,2179
991,Обычно,20,2006-08-06,1448
992,Nosql-Базах,76,1985-01-09,1487
993,Поддерживаться на уровне системы,86,2021-11-13,1538
994,"Декларативным языком программирования,",67,1994-04-23,2489
995,В себя,55,1982-04-01,1638
996,Высокоуровневый,41,2003-04-12,1481
997,Java обычно,27,1988-10-02,2836
998,Python минималистичен.,53,1981-09-19,3170
999,Расти,50,1994-03-06,1612
