0,С,17,1996-05-07,4678
1,Это,83,1975-03-24,1353
2,Концепции Erlang унаследовал от,7,2004-12-13,1863
3,То же,64,1974-04-23,3482
4,Ядра Python минималистичен.,82,2004-10-24,1120
5,Век,4,1985-12-28,1092
6,Же время стандартная,67,2013-12-01,1075
7,"Программирования, отличающийся обширным",80,1981-04-17,6630
8,"Программирования,",73,2011-12-01,1416
9,Программирования,36,1991-02-28,1162
10,Черта языка —,58,1994-03-05,2819
11,Типизированный,67,2014-05-30,1426
12,"Концептуализации, определяющий организацию вычислений",64,2001-09-05,1478
13,Обычно,57,2006-04-30,1148
14,Концепции Erlang,97,2001-05-15,1032
15,"Функции, которое",54,1990-12-20,2430
16,Распространено даже на битовые,13,2001-09-23,2954
17,"Функции,",30,2008-05-13,1487
18,И,53,1990-03-01,1293
19,Ядра Python минималистичен.,66,1989-08-18,1358
20,"В специальный байт-код, поэтому",66,1995-06-14,1965
21,Же,43,2005-04-07,1925
22,Минималистичен.,48,2016-05-08,1263
23,Был целенаправленно,64,2004-05-24,2100
24,Время стандартная библиотека включает,86,1988-04-22,1193
25,Программирование может поддерживаться,68,1977-09-04,1398
26,Язык,98,2014-01-13,2081
27,Чистый функциональный язык программирования,88,2011-11-27,3743
28,"Транслируются в специальный байт-код,",4,1966-10-06,1663
29,Определение,25,2006-01-26,1293
30,Форма организации простой,66,1981-03-15,2715
31,Компанией Ericsson.,69,1962-08-24,1573
32,Python минималистичен.,90,2019-06-16,1250
33,— стандартизированный чистый функциональный,18,2021-10-03,1975
34,Начала расти в,44,2005-11-01,1381
35,"Языком программирования,",63,2010-09-14,1273
36,Программирование,29,1995-05-14,3369
37,Разработан для применения,78,2020-12-29,1239
38,Одним,80,1968-02-23,1496
39,Программирования,29,2001-05-06,1707
40,—,9,1998-12-20,1564
41,"Программирования,",76,2011-10-25,2516
42,—,96,1989-07-04,4010
43,Ericsson.,61,1998-10-11,5185
44,Стандартизированный,67,2001-05-26,1271
45,Поддерживается компанией Ericsson.,44,2008-11-15,1686
46,Nosql-Базах данных высокой доступности.,34,2004-06-18,2060
47,Программирование —,79,2011-10-29,1265
48,Самых распространённых языков программирования,24,2001-12-02,1491
49,Поддерживается компанией Ericsson.,73,1962-10-18,1499
50,Же время,82,1998-10-17,1489
51,Целенаправленно,45,1954-01-25,1014
52,Начала,39,2001-02-27,1431
53,"Слишком много, чтобы",53,1985-12-07,1291
54,В специальный,26,1971-11-15,1134
55,Некоторые концепции Erlang,19,2002-03-02,1180
56,Определяющий организацию,12,2015-07-15,1342
57,Черта языка,16,2013-09-27,2630
58,В связи,23,1993-03-02,1559
59,Даже на битовые,67,2016-03-29,1920
60,Расти в связи,42,2016-06-01,2497
61,— форма организации,17,2015-02-07,3294
62,В специальный,63,1999-09-07,1136
63,Распространено даже на,50,1991-07-12,1206
64,Организацию вычислений и структурирование,41,2013-06-26,1034
65,Которое использует сопоставление с,30,2009-01-02,1004
66,— функциональный язык,59,1946-06-26,1504
67,С образцом,63,1987-10-27,1904
68,Поддерживаться на уровне системы,6,1970-03-07,1941
69,Распространённых,59,1968-02-07,2426
70,"Даже на битовые строки,",95,2016-06-26,2885
71,С образцом распространено даже,65,1958-05-20,1256
72,"Информации слишком много,",0,1996-10-03,1277
73,В,57,1997-02-21,1766
74,Информации,46,2002-06-28,1104
75,И некоторые,47,2021-05-13,2041
76,Применяется в нескольких,16,2018-07-15,2711
77,То,61,2009-06-29,1070
78,Компанией,85,1995-02-04,1372
79,С,14,2013-04-05,1321
80,— серьёзное,94,1985-04-12,1165
81,"Парадигм программирования,",11,2013-08-04,1121
82,То же,9,1968-06-07,3970
83,"Концептуализации, определяющий организацию",64,2006-11-25,4227
84,Транслируются,28,1971-08-18,2756
85,В связи,96,1974-09-16,2908
86,Организацию вычислений и,34,2010-06-24,1651
87,Распространённых языков программирования,44,2013-07-09,1091
88,—,81,2013-07-03,1444
89,Совокупность идей,51,2008-08-20,3292
90,Форма организации простой интерактивной,10,1995-04-11,2184
91,Парадигм,96,2021-11-30,1052
92,Образцом распространено,48,2007-06-13,1402
93,Способ,61,2013-09-25,2575
94,Ericsson.,62,1981-08-09,1938
95,Парадигм,51,1956-06-09,1173
96,Из,22,2020-08-12,2082
97,Поддерживается компанией Ericsson.,67,2011-10-28,2715
98,Поддерживается компанией,21,1997-10-12,1037
99,"Программирования, который скорее",25,2011-01-21,2249
100,Определение,0,1980-10-20,1820
101,Же время стандартная,60,2000-06-05,1327
102,"Программирования, в том",69,1974-09-07,2040
103,На уровне системы,56,1989-05-08,1834
104,В специальный,22,2008-12-02,4089
105,— стандартизированный чистый,6,1988-01-09,3925
106,Время стандартная,71,2016-01-07,1657
107,"Декларативным языком программирования,",71,1988-12-02,1261
108,Ericsson.,12,2019-03-23,1418
109,Это,55,2001-07-28,1650
110,Расти в связи с,28,2022-07-23,1094
111,Расти в связи с,31,2021-09-28,1865
112,Простой интерактивной среды,96,1959-06-15,1029
113,И некоторые концепции,32,2008-07-23,4289
114,"Программирования, в том",37,1988-11-11,1754
115,Совокупность идей и,14,1954-03-15,3240
116,В специальный,56,1990-11-09,1046
117,Применяется в,66,1986-02-17,1318
118,Расти в связи,95,2021-12-02,2985
119,Наш,27,2022-12-28,1675
120,Языка — серьёзное отношение,46,1969-06-03,1080
121,Языка —,93,1991-03-20,1880
122,"Определение функции,",46,2013-08-30,1149
123,Синтаксис и,72,2009-01-24,2719
124,И,67,2010-03-22,1251
125,Язык программирования с,95,1997-05-21,1102
126,Несколько,70,2006-12-05,3511
127,Несколько,23,1980-01-06,1841
128,Стандартная библиотека,84,1997-01-14,1596
129,Может поддерживаться,12,1992-09-11,1339
130,То же,10,1972-09-20,2854
131,Может,72,2002-09-04,1643
132,Образцом распространено даже,95,1998-07-29,1935
133,Стандартная библиотека включает большой,64,1998-07-21,1239
134,Программирование — стиль,31,2018-04-17,1995
135,Организации,58,1980-07-25,1947
136,Язык программирования,45,1962-05-23,2469
137,Программирование может поддерживаться на,98,2017-02-16,2092
138,Стандартная библиотека включает,0,1989-06-04,2241
139,Наш,85,1988-11-21,1265
140,Себя средства,14,1960-03-15,2691
141,Ericsson.,71,1978-01-26,3236
142,Языком,48,2021-09-20,2634
143,"Функции, которое использует",32,2020-08-06,1424
144,Концепции,52,2019-01-12,1663
145,И некоторые концепции,20,2008-05-03,2773
146,Стандартизированный чистый функциональный язык,37,1991-06-08,1237
147,Программирования с сильной,87,1989-03-26,2370
148,"Стиль программирования, отличающийся обширным",79,2009-09-18,1736
149,"Программирования, в том числе",76,1977-10-04,1952
150,Черта,66,2014-07-21,1100
151,Программирования с сильной,56,2002-11-01,1423
152,Средства порождения параллельных легковесных,93,2007-04-20,4000
153,Определение,3,2007-07-30,2362
154,Может поддерживаться на уровне,28,2018-11-13,2250
155,"Парадигм программирования,",53,1996-08-21,1778
156,Языком,35,2016-10-02,1625
157,"Программирования общего назначения, ориентированный",54,2022-11-29,2326
158,"Программирования, отличающийся обширным использованием",27,2013-12-04,2010
159,Язык программирования,50,2018-10-31,1429
160,В себя средства порождения,89,2016-07-18,1125
161,Nosql-Базах данных,4,1967-07-20,1089
162,Себя средства,57,1950-02-23,1641
163,Типизированный,5,1981-09-12,1234
164,Расти в,69,1983-10-06,1407
165,Декларативным языком,85,2018-10-03,1020
166,Ядра,90,1999-07-06,1973
167,И,8,2013-01-10,3149
168,"Использует сопоставление с образцом,",87,1998-07-27,2320
169,Стиль,54,2012-08-18,1237
170,Python минималистичен.,95,1981-11-29,4310
171,"Слишком много, чтобы",39,2007-01-15,1464
172,—,20,1998-05-23,2039
173,"Программирования, который",18,2022-04-30,1110
174,Определяющий организацию вычислений,70,2022-01-23,1475
175,— высокоуровневый язык программирования,54,2002-10-30,3086
176,Начала расти,8,2008-08-23,3894
177,— строго,66,1989-09-17,1152
178,Самых распространённых,17,1990-03-07,1278
179,Программирования —,6,1976-05-07,1179
180,На,17,1989-08-17,1468
181,"Стиль программирования, отличающийся",53,1973-11-29,1113
182,Программирования,87,1981-05-11,1414
183,Определение,64,1988-12-16,1313
184,"Совокупность идей и понятий,",36,1989-05-26,1863
185,Средства порождения параллельных легковесных,89,2009-04-20,3761
186,Век,94,2010-12-12,4486
187,Распространено,11,2011-02-21,1062
188,Век информации,96,1976-02-05,1002
189,Для применения,33,2021-12-03,2791
190,Язык программирования,78,2001-05-17,2184
191,Наш век информации слишком,0,2017-06-05,1169
192,Это совокупность,81,1980-09-05,2148
193,Форма,67,2016-07-26,1591
194,Это,63,1990-12-24,1162
195,"Функции, которое использует сопоставление",90,2008-10-31,1319
196,Программирования общего,61,2006-06-08,4436
197,Распространено даже,26,1992-07-09,1315
198,Программирования,85,1966-11-29,4919
199,Программирования —,35,2001-01-31,1197
200,Информации,74,1988-11-13,2473
201,Форма,46,1980-11-11,1292
202,— стандартизированный чистый функциональный,35,2008-12-31,1135
203,Концепции Erlang унаследовал,13,1991-01-28,1815
204,Высокоуровневый язык,84,2012-05-31,2441
205,Программирования с сильной динамической,55,1997-12-24,1456
206,Является декларативным,24,2019-10-03,1174
207,Организацию вычислений и,66,2004-08-05,2464
208,Программирование — стиль,82,2018-10-03,2058
209,— функциональный,72,2018-04-23,1020
210,Наш век информации,52,2003-01-24,1909
211,В связи,4,1986-05-06,1590
212,—,2,1984-07-12,1071
213,Простой интерактивной,60,2000-03-30,5130
214,И поддерживается компанией,38,2005-06-02,3557
215,Ядра,5,1969-01-14,2617
216,Минималистичен.,84,2017-04-16,1925
217,Целенаправленно разработан для,66,2010-09-12,1382
218,Использует,86,1966-07-24,1038
219,Nosql-Базах,91,2003-07-07,1408
220,Поддерживает несколько парадигм,18,2004-08-08,1907
221,Простой интерактивной среды программирования,28,2007-11-03,2042
222,Является декларативным,47,1982-03-10,3014
223,Распространено даже,43,2013-05-07,1867
224,"Век информации слишком много,",59,2008-10-01,1649
225,Nosql-Базах данных высокой доступности.,78,2006-01-03,1451
226,Поддерживаться на,85,1970-03-20,2037
227,Nosql-Базах,53,2020-03-16,1827
228,Поддерживает несколько,87,1994-09-20,3388
229,Самых,27,2020-05-13,4958
230,Некоторые концепции,4,1966-06-22,2935
231,"Программирования, который скорее используется",52,1996-10-25,1959
232,Транслируются в,91,2000-05-22,1075
233,Языка — серьёзное,97,1991-08-06,1406
234,Ядра Python,27,2010-09-26,1486
235,Стандартизированный,95,2016-02-27,4428
236,Включает,55,1983-10-30,1388
237,Программирования,19,2007-05-15,1031
238,— стиль,79,2006-03-18,3014
239,То же,31,2009-09-26,2070
240,Программирования — это,60,2021-02-11,2737
241,Это совокупность идей,51,2014-05-21,2892
242,"Способ концептуализации, определяющий",62,2003-11-18,1324
243,Программирования — это совокупность,95,1988-06-13,1131
244,"Стиль программирования,",40,2000-04-10,1081
245,Стандартизированный,64,2013-05-30,3614
246,Организации,50,2014-08-01,1653
247,Типизированный объектно-ориентированный язык,56,2018-03-30,1143
248,То же время,1,2006-06-20,1673
249,В себя,37,1995-02-08,1457
250,Компанией Ericsson.,27,2002-08-18,1062
251,Использует сопоставление с,35,2013-07-25,1639
252,Же,1,2012-02-28,4062
253,Ядра Python,74,1994-11-05,1225
254,Форма организации простой интерактивной,53,2010-06-25,1644
255,Же,76,1962-06-08,1174
256,Нескольких,15,1958-04-30,3198
257,Программирования с сильной,33,2004-08-13,2462
258,Язык программирования,43,2006-03-08,1564
259,С образцом распространено,81,2015-02-20,1064
260,В нескольких NoSQL-базах данных,22,2016-04-30,1912
261,"Определение функции,",49,2013-06-17,1012
262,— стандартизированный чистый,67,2005-03-01,2004
263,Включает в,63,1988-04-12,2598
264,Транслируются в,29,2012-02-25,1877
265,Был целенаправленно,56,2016-03-21,1479
266,Это совокупность идей,50,1981-10-07,1263
267,"Транслируются в специальный байт-код,",73,2015-12-31,1535
268,Себя средства порождения,50,2009-04-27,2593
269,Черта языка — серьёзное,87,1971-02-15,1137
270,Себя,96,2012-04-13,3014
271,— стандартизированный чистый функциональный,51,2011-03-18,1447
272,Для применения,77,1976-09-20,2717
273,Организацию вычислений и структурирование,99,1996-02-25,2299
274,Использует,11,2007-05-01,2776
275,Обычно транслируются в специальный,90,2005-02-03,2196
276,Ядра Python,61,2010-03-02,3167
277,Некоторые концепции Erlang,82,2000-12-04,2136
278,Целенаправленно,43,2003-05-22,2324
279,Которое,34,2016-08-12,1169
280,"Язык программирования общего назначения,",65,1977-05-18,2288
281,Даже на,85,1978-02-27,1969
282,Расти в связи с,62,1986-05-06,1370
283,Наш век информации,4,1984-02-25,1330
284,И поддерживается,43,2018-09-09,1060
285,— стиль,44,1976-04-18,2259
286,Программирования,78,1994-11-24,1255
287,Обычно транслируются,44,1996-11-11,1359
288,Программирования с,31,2021-09-09,1200
289,Обычно,50,1985-12-07,3458
290,Строго типизированный объектно-ориентированный,5,1966-10-30,2222
291,Из самых,33,2017-11-04,2565
292,Использует,40,2007-12-15,1417
293,Некоторые концепции Erlang,92,2006-01-03,1539
294,Ядра,10,1965-03-05,1401
295,В специальный,2,2013-12-23,3804
296,Время стандартная,98,2003-01-14,1482
297,Erlang,14,2003-08-31,1816
298,Разработан,35,1994-05-28,4079
299,Самых,26,1999-04-06,1651
300,Расти в связи,44,1994-03-09,1002
301,Расти в связи,45,2004-11-01,2520
302,"Стиль программирования, отличающийся",84,2008-01-11,1015
303,В связи с расширением,30,2008-01-31,1394
304,Python минималистичен.,63,2015-04-21,1706
305,— серьёзное,99,1957-04-16,3065
306,Программирование —,99,1986-11-15,1484
307,Чистый функциональный язык,26,2015-02-11,1066
308,Java обычно транслируются в,64,1989-12-10,2905
309,Программирование —,52,2019-02-27,1655
310,Несколько,66,2014-02-17,2353
311,Программирования с сильной,35,1990-09-10,1764
312,Обычно транслируются,80,2005-10-14,6284
313,"Программирования,",1,2019-12-10,1885
314,Поддерживаться на,25,2020-10-10,2582
315,Минималистичен.,34,1998-11-05,1669
316,Компанией Ericsson.,33,1982-11-24,4466
317,Применяется,90,2022-12-30,1094
318,"Объектно-Ориентированный язык программирования,",85,2001-05-25,1952
319,Распространённых языков программирования,45,1958-05-01,1119
320,Нескольких NoSQL-базах данных,93,1990-01-29,1848
321,Организацию вычислений и,39,2019-07-19,2219
322,—,61,1999-10-10,1248
323,Язык,72,2004-04-08,1093
324,Строго типизированный объектно-ориентированный язык,49,2016-02-28,2434
325,Которое использует,12,2000-12-24,2422
326,Стандартная библиотека включает,79,2018-07-21,3509
327,В нескольких,47,1966-05-29,1641
328,И,56,2008-07-24,1159
329,Стандартная библиотека,45,1972-02-02,1371
330,"Функции, которое использует",28,1960-03-16,1432
331,Черта языка — серьёзное,73,1986-09-12,1223
332,"Язык программирования общего назначения,",68,1950-10-28,2029
333,Форма,27,2007-05-31,1619
334,Нескольких NoSQL-базах данных,13,1970-06-13,1970
335,Некоторые концепции Erlang,81,1989-10-12,1085
336,Средства порождения параллельных,97,2006-08-28,2937
337,Стандартизированный,36,1979-07-25,1320
338,Может поддерживаться на,25,2009-10-19,1500
339,Является декларативным,28,1957-01-02,2173
340,Строго,23,1994-06-28,1254
341,Черта,41,2018-08-19,3178
342,То же время,36,1981-11-26,1534
343,Средства порождения параллельных,95,2000-09-08,4874
344,Строго типизированный объектно-ориентированный,69,1974-01-03,1184
345,Применяется в нескольких,56,1979-06-22,1079
346,Программирование может,90,2017-11-10,2717
347,— строго,46,1961-11-28,4130
348,Синтаксис и,43,2021-05-24,1816
349,— функциональный,72,2012-03-06,2253
350,На уровне системы типов,60,2018-02-19,1463
351,— функциональный,4,1998-12-22,1683
352,— серьёзное,81,1996-12-26,3010
353,Некоторые концепции Erlang,33,2013-04-26,2664
354,И некоторые,2,2012-10-28,1886
355,"Программирования, который",89,2009-03-04,1453
356,И поддерживается компанией,79,2010-05-02,1112
357,"Функции,",69,1982-03-10,2486
358,Расти в связи,27,2019-02-28,2275
359,Век информации,76,1991-02-11,1070
360,Наш век,80,1979-10-10,1947
361,"Слишком много, чтобы",48,2020-08-31,2398
362,Java обычно транслируются,95,2001-04-01,1004
363,Использует,36,2009-10-29,2321
364,Информации,11,2017-02-14,2385
365,Программирования с сильной динамической,37,2014-06-26,5248
366,—,85,1991-02-07,1248
367,"Программирования общего назначения,",97,2019-08-23,1745
368,Время стандартная,92,2018-09-03,1268
369,Некоторые,85,2006-04-28,3414
370,Обычно транслируются в,43,2009-02-17,2223
371,Высокоуровневый язык,25,2007-08-12,1617
372,Серьёзное отношение к типизации.,93,1989-03-11,2503
373,Одним из самых,55,1999-05-01,3756
374,Даже на битовые,75,1982-08-30,1965
375,Организации простой,49,2013-03-01,2031
376,Был целенаправленно разработан,32,2017-12-02,2257
377,На,53,2014-01-06,6680
378,Язык,47,2006-10-26,1926
379,Век,20,2007-11-13,2137
380,—,22,2011-01-13,1655
381,Язык,15,1964-11-11,2593
382,"Программирования,",40,2000-03-14,1436
383,"Программирования, который",6,1971-08-05,1246
384,Синтаксис и,95,2011-05-20,2714
385,Обычно транслируются,76,1996-11-14,1401
386,Языка — серьёзное отношение,30,2015-12-08,2433
387,— форма,22,2013-10-22,1713
388,Средства порождения,71,2014-08-22,1271
389,"Программирования общего назначения,",59,2014-10-24,1556
390,Python минималистичен.,64,1977-10-23,1635
391,Ericsson.,2,1972-06-15,1979
392,Средства,51,1957-11-21,5487
393,И поддерживается компанией Ericsson.,48,2018-04-11,3406
394,На уровне системы типов,87,1997-06-22,1163
395,— высокоуровневый язык,6,2000-11-07,1164
396,Поддерживается,60,2021-05-01,1436
397,"Несколько парадигм программирования, в",47,1999-10-26,1322
398,Ericsson.,66,1984-07-26,2293
399,— это совокупность,76,1988-02-29,2853
400,И некоторые концепции Erlang,10,1998-12-08,1741
401,"Парадигм программирования, в том",47,2013-05-02,2679
402,Из самых распространённых языков,57,1965-09-19,1711
403,"Функции, которое",62,2003-09-10,1472
404,В,68,1992-08-06,1341
405,Декларативным языком,5,2012-04-24,1063
406,"В специальный байт-код,",51,1973-08-29,1029
407,Серьёзное отношение к типизации.,38,1978-11-22,2811
408,На уровне системы,97,1981-05-11,2276
409,Программирования,83,1993-10-04,1008
410,"Информации слишком много, чтобы",75,2017-02-25,4466
411,—,14,2016-12-17,1206
412,Программирование может,21,1969-07-11,2073
413,Нескольких NoSQL-базах,60,1996-01-17,3131
414,В себя средства,41,1970-07-29,3381
415,Организации простой интерактивной,76,2004-10-01,1121
416,—,28,2018-09-02,2234
417,Высокоуровневый язык,5,2014-11-11,1372
418,И некоторые концепции,55,1981-10-07,5299
419,Java обычно транслируются в,92,2016-02-05,2090
420,Поддерживаться на,54,2011-06-19,2753
421,Серьёзное отношение,80,2016-04-23,1089
422,Является,22,2005-11-27,1060
423,Целенаправленно,2,2012-03-27,1417
424,"Слишком много, чтобы понять",83,1992-08-25,2798
425,— стандартизированный чистый функциональный,87,2002-05-15,2083
426,"Объектно-Ориентированный язык программирования,",31,2005-04-29,1126
427,Nosql-Базах,94,1979-09-09,2155
428,Ядра Python минималистичен.,97,2004-06-20,1886
429,Типизированный объектно-ориентированный язык,64,1986-09-17,1052
430,Включает,9,1970-08-01,3380
431,"Слишком много,",88,2021-12-28,2155
432,Строго,9,1979-01-13,1028
433,Серьёзное отношение,23,1982-06-25,1740
434,— форма организации,55,2006-02-04,1410
435,И некоторые концепции Erlang,75,1982-03-30,1463
436,— функциональный язык,22,2005-07-27,1167
437,"Декларативным языком программирования, который",82,1998-12-22,1371
438,Которое,92,2022-12-08,1750
439,Включает в себя средства,88,2017-08-02,1698
440,Даже на,57,1959-09-16,1169
441,Python минималистичен.,62,2000-02-03,3135
442,Определение,94,1994-07-05,1958
443,Применяется в,45,1959-01-07,1729
444,Серьёзное отношение к,71,1988-04-08,1580
445,Же время,44,1997-03-06,1774
446,Определяющий организацию вычислений и,89,2022-11-23,1320
447,Стандартная библиотека,28,1958-01-29,1301
448,— форма организации,5,2021-09-27,1639
449,Стандартная,8,2015-07-29,2281
450,"Несколько парадигм программирования,",82,2016-01-20,1318
451,"Объектно-Ориентированный язык программирования,",72,2009-07-19,1011
452,Программирования,28,1991-10-20,1602
453,Чистый,51,1977-07-18,3851
454,Функциональный язык программирования общего,97,1991-10-03,1393
455,Программирования,34,1997-09-15,1214
456,"— стиль программирования, отличающийся",41,1975-12-08,1423
457,"Программирования, который",4,1979-06-18,2264
458,"Типизированный объектно-ориентированный язык программирования,",26,2004-05-09,2979
459,Nosql-Базах,98,2004-03-07,1074
460,Целенаправленно разработан,23,2004-03-29,1032
461,Декларативным языком,0,2022-06-27,1111
462,Организацию вычислений,66,1985-07-26,2349
463,Время,61,2018-02-15,1712
464,Же время стандартная библиотека,52,2015-10-01,1482
465,Нескольких,84,1992-03-14,1050
466,Из самых распространённых языков,87,1989-08-06,1400
467,Простой интерактивной,68,2012-04-12,1400
468,В себя,5,1961-06-15,1156
469,Минималистичен.,66,2010-11-06,1069
470,Ядра,41,1988-10-26,1504
471,"Определение функции, которое использует",49,2008-01-24,1421
472,— строго,25,2000-05-30,4390
473,"Концептуализации, определяющий",91,1997-03-05,2165
474,Серьёзное отношение к,40,2014-12-01,1354
475,Время стандартная библиотека,36,2004-02-29,1611
476,Которое использует сопоставление с,26,1967-07-24,1973
477,— стандартизированный чистый,80,1983-05-05,1482
478,И поддерживается компанией,27,2022-05-31,1577
479,"Концептуализации,",71,2004-07-06,1594
480,"Функции, которое использует",23,1995-10-26,1785
481,Начала расти в,65,2001-04-23,2456
482,Форма,6,2012-11-12,1413
483,Строго,88,2017-02-08,1606
484,Несколько,80,1994-08-09,1478
485,"Программирования,",15,1986-10-13,1284
486,"Является декларативным языком программирования,",22,2010-06-02,1952
487,Высокоуровневый язык программирования общего,2,2015-12-29,2650
488,— стандартизированный чистый функциональный,57,1947-07-26,1552
489,В нескольких NoSQL-базах данных,80,1980-06-18,1462
490,Расти в связи с,27,2021-12-24,1343
491,Минималистичен.,79,2014-02-16,1902
492,"Стиль программирования,",31,2005-02-16,1440
493,Распространённых языков программирования с,94,1982-08-01,1384
494,"Функции, которое использует",74,2004-02-04,3449
495,Наш,40,2008-06-24,1564
496,Стандартизированный чистый функциональный язык,65,1957-12-10,1778
497,В нескольких,82,1994-12-01,2170
498,Из самых,69,1956-09-22,1235
499,Erlang,2,2011-06-23,1613
500,Транслируются в,90,2022-08-06,1317
501,"Языком программирования,",36,1991-02-09,1206
502,Слишком,70,2017-06-18,2813
503,"Программирования, отличающийся обширным использованием",12,2006-07-08,1530
504,Начала расти,61,1997-09-27,1518
505,Синтаксис и некоторые концепции,37,2004-10-16,1129
506,Синтаксис и некоторые концепции,51,2012-08-29,1877
507,Erlang,55,2022-05-18,2433
508,Программирования —,8,2012-10-14,1003
509,Поддерживается,31,2018-03-25,1662
510,Обычно транслируются в,12,2020-07-21,1581
511,Программирование,90,2002-05-12,1780
512,Образцом распространено даже,93,2012-08-16,1944
513,Nosql-Базах данных высокой,73,2011-10-26,1164
514,"Декларативным языком программирования, который",40,1997-06-02,2083
515,Это совокупность идей и,83,2017-06-26,1769
516,Высокоуровневый язык,92,2017-09-23,2969
517,"Определение функции, которое",5,1984-07-20,1694
518,С образцом распространено,63,2018-12-02,1001
519,Поддерживается компанией Ericsson.,33,1977-10-15,1271
520,Некоторые концепции,43,2007-07-23,1172
521,Программирование,79,1995-05-05,1241
522,Самых распространённых языков программирования,1,2015-03-23,1214
523,С,21,2008-11-16,2619
524,На,23,2000-02-04,1078
525,"Программирования, отличающийся обширным",33,1992-12-08,3531
526,Концепции Erlang,84,2018-05-12,1287
527,"Концептуализации, определяющий",84,1997-10-02,1279
528,Программирование может,6,1978-08-14,1919
529,Является декларативным,26,1971-02-21,1061
530,Включает,85,1977-11-07,2531
531,Начала,85,1995-10-17,2108
532,"Поддерживает несколько парадигм программирования,",73,2001-10-19,1279
533,Простой,72,2015-04-25,3022
534,В нескольких NoSQL-базах,67,2021-09-22,1958
535,Язык программирования,11,2011-04-10,2169
536,"Программирования, который скорее используется",13,2015-04-13,1209
537,"Даже на битовые строки,",54,1986-02-28,1968
538,В специальный,28,1980-12-19,1245
539,Самых распространённых языков,21,2010-11-09,1187
540,Организацию вычислений,62,1987-05-06,1485
541,Определяющий,67,2012-10-27,1127
542,—,61,2007-12-11,1269
543,Высокоуровневый,6,1974-10-05,1490
544,И,21,2005-02-10,3119
545,Python минималистичен.,10,1996-02-25,1100
546,Функциональный язык программирования,42,2008-07-28,2306
547,Функциональный язык программирования,9,1993-04-16,1751
548,Форма организации,49,2013-01-03,1945
549,Чистый функциональный язык,12,2001-11-14,1126
550,Использует,25,2004-08-08,3942
551,Высокоуровневый язык,88,1982-01-19,1843
552,Erlang начала,36,1978-01-01,3233
553,Распространено даже на,47,1974-10-30,1027
554,Самых,16,2005-10-18,2432
555,"Информации слишком много, чтобы",52,1995-05-06,3481
556,"Функции,",57,1997-09-26,2187
557,Erlang начала расти в,85,1969-03-28,1134
558,Серьёзное отношение к типизации.,63,2004-02-13,3270
559,В связи с расширением,12,1990-11-25,1194
560,Это совокупность идей и,58,1999-06-14,1257
561,Самых,61,1997-08-23,1742
562,На уровне,58,2007-09-03,1497
563,"Парадигм программирования, в том",34,2006-04-30,4270
564,— серьёзное отношение,77,1970-12-19,1335
565,— функциональный язык,90,2014-01-11,1796
566,Разработан,99,2021-03-21,1589
567,Строго типизированный объектно-ориентированный,10,2010-09-06,1372
568,— стандартизированный чистый,87,1991-09-22,1663
569,Поддерживает,82,2014-12-22,1290
570,Декларативным,25,2017-01-08,3274
571,Обычно транслируются в специальный,9,1986-11-29,3372
572,Erlang начала,86,2014-10-08,1254
573,Java,96,1981-12-22,2100
574,То,22,1997-09-10,1438
575,Поддерживает несколько,88,2005-10-01,1039
576,Был целенаправленно разработан для,29,1989-11-26,1477
577,Серьёзное отношение к,91,1997-11-26,1504
578,Поддерживается компанией,43,2020-11-21,5249
579,Даже,91,1996-12-30,1602
580,Информации слишком,38,1984-06-05,2426
581,"— стиль программирования,",95,2021-01-21,1179
582,Nosql-Базах данных высокой доступности.,35,2010-04-20,1570
583,"Объектно-Ориентированный язык программирования, разработанный",44,1979-09-22,2525
584,Минималистичен.,24,2008-03-27,1369
585,Синтаксис и некоторые,67,2019-03-29,1440
586,Программирования с сильной,78,2017-08-02,2742
587,Определяющий организацию вычислений,78,2018-07-10,4060
588,"Программирования, отличающийся",82,2013-06-17,1081
589,"В специальный байт-код, поэтому",96,2022-02-28,1298
590,—,51,1956-03-19,1635
591,Даже,16,2011-09-18,1938
592,Языка — серьёзное отношение,3,2003-08-28,3326
593,"Программирования общего назначения, ориентированный",97,1994-08-04,1919
594,Декларативным языком,91,2017-12-07,1144
595,Поддерживается компанией Ericsson.,22,2019-03-15,1473
596,Ericsson.,35,1997-11-05,1136
597,Язык программирования с сильной,40,2004-09-04,2810
598,Nosql-Базах данных высокой доступности.,3,2018-06-06,3714
599,Форма организации простой,86,1969-02-18,2321
600,Серьёзное отношение,66,2017-01-04,1944
601,"Парадигм программирования, в",35,1989-06-15,1014
602,"— стиль программирования,",94,1976-10-06,1420
603,Erlang начала расти в,27,2021-04-26,1954
604,—,8,2004-10-27,1859
605,Включает,38,1995-04-13,3671
606,Может поддерживаться,42,2006-12-12,2576
607,Является,24,2020-09-26,3971
608,"Информации слишком много, чтобы",59,1997-11-15,2901
609,Наш век информации,16,2015-12-16,1855
610,Язык программирования с сильной,97,1990-11-19,1096
611,"Транслируются в специальный байт-код,",92,2012-05-23,1242
612,Простой,13,2008-09-20,1368
613,Erlang начала расти в,79,1994-06-23,1798
614,Это совокупность,63,1988-01-10,1248
615,Век информации,36,1993-09-27,2546
616,Себя,87,1988-03-05,1200
617,Определяющий организацию вычислений,85,2013-04-17,4242
618,Программирования с,16,2018-11-04,1101
619,Время стандартная библиотека включает,81,1985-07-09,1526
620,"Слишком много,",94,1981-06-06,1118
621,Некоторые,50,1997-05-10,1168
622,Средства порождения,7,1981-08-19,2666
623,Обычно транслируются в,12,1992-07-29,3206
624,—,95,1982-09-28,2939
625,"Определение функции, которое",91,2014-02-20,1146
626,"Типизированный объектно-ориентированный язык программирования,",21,1956-06-16,2409
627,—,67,2019-10-20,3218
628,Применяется в нескольких NoSQL-базах,94,2010-12-21,2049
629,Парадигм,28,1978-12-23,1038
630,Организации простой,4,2014-08-10,1061
631,В,19,1987-12-24,2146
632,Объектно-Ориентированный,6,1982-04-20,2201
633,— стиль,44,1971-07-18,1178
634,Был целенаправленно разработан для,57,1987-10-04,1908
635,Для применения в,12,2021-02-15,1107
636,Наш век информации,94,1982-10-19,1201
637,Распространено даже на битовые,71,2016-11-07,2689
638,Организацию вычислений,85,1986-10-01,2316
639,Определение,42,1981-09-20,1228
640,— серьёзное отношение,75,2011-02-21,2893
641,Nosql-Базах,39,2018-12-12,1942
642,Способ,3,2022-08-04,1394
643,Высокоуровневый язык программирования общего,85,2003-10-17,1006
644,Был целенаправленно,1,2009-11-18,1149
645,Образцом распространено даже,34,2013-05-18,1748
646,—,58,1983-05-19,2768
647,— стиль,1,2014-11-03,1595
648,Начала,56,2012-04-07,1335
649,Был целенаправленно,5,1998-09-28,2017
650,"Программирования общего назначения, ориентированный",86,1967-04-08,1106
651,"Несколько парадигм программирования,",87,2022-03-29,4102
652,Распространённых языков программирования,8,2005-10-04,2239
653,Минималистичен.,91,1993-12-21,2380
654,Век,24,2000-03-27,1663
655,"Программирования, который скорее",87,1968-02-22,1056
656,"Слишком много, чтобы",77,2021-06-12,2576
657,Несколько,34,1997-02-16,1047
658,— строго типизированный,66,1989-01-19,1045
659,"Определение функции, которое",24,2005-07-19,3423
660,—,32,2014-11-02,1519
661,Распространённых,34,1994-11-05,1842
662,Синтаксис,53,2006-03-28,3131
663,Типизированный,79,2012-07-31,1573
664,Организации простой,10,1995-01-09,4329
665,Даже,60,2017-02-09,1009
666,Использует сопоставление с,72,2017-01-09,1964
667,Организации простой интерактивной среды,12,2018-06-27,3132
668,"Определение функции,",23,1986-11-03,1974
669,Себя средства порождения параллельных,86,2021-07-11,2331
670,Самых распространённых языков программирования,1,2021-06-15,1169
671,Начала,22,1995-07-14,1263
672,Ericsson.,85,1983-02-27,2308
673,Концепции Erlang унаследовал от,80,1991-10-13,1475
674,Применяется в нескольких,45,2010-09-25,1762
675,— высокоуровневый язык,20,2007-08-03,1511
676,И,34,2006-07-08,3281
677,Серьёзное,49,2010-02-23,3206
678,"Программирования, который скорее используется",67,2020-01-17,2433
679,Язык программирования с,23,1993-11-13,1322
680,Одним из самых распространённых,18,1993-05-21,1499
681,"Даже на битовые строки,",95,2006-01-28,2257
682,"Функции,",81,1988-05-13,1164
683,И поддерживается компанией Ericsson.,47,2016-04-29,2096
684,Программирование может,16,2008-03-06,2074
685,В себя средства,78,1989-04-05,2418
686,На уровне системы,97,1996-12-29,1606
687,"Слишком много, чтобы",51,2019-08-24,2104
688,Высокоуровневый язык программирования общего,37,2017-03-09,1117
689,—,99,2013-06-02,1626
690,Определение,15,2020-10-17,1131
691,Совокупность идей и,28,1968-04-09,1879
692,Нескольких NoSQL-базах данных,14,1961-05-12,1563
693,Организацию,41,1989-08-16,1307
694,Же,94,2004-09-19,3168
695,Концепции Erlang,24,2006-03-01,1359
696,"Концептуализации, определяющий",97,1998-12-18,1274
697,"Определение функции,",54,1993-10-14,1401
698,Для применения,68,1954-11-17,1678
699,"В специальный байт-код, поэтому",11,2019-07-07,1692
700,Распространённых,32,2020-10-20,1066
701,В себя средства порождения,27,2011-02-15,1054
702,Включает,73,1981-02-18,2255
703,Время,72,2012-05-09,3918
704,"Способ концептуализации,",22,1997-03-11,1355
705,Был целенаправленно разработан,29,1970-07-31,1260
706,В нескольких NoSQL-базах данных,97,1981-06-29,1643
707,Организацию,47,2001-10-20,1506
708,Нескольких NoSQL-базах,59,1975-11-18,1160
709,Время,91,1994-11-27,2817
710,Ядра Python минималистичен.,97,1999-01-05,2038
711,То,74,1997-08-13,1097
712,Простой,81,2015-10-11,1153
713,Стандартизированный чистый функциональный язык,73,1962-03-01,2613
714,Которое использует сопоставление,85,1991-04-13,1812
715,"Программирования,",32,2018-12-10,3372
716,Начала,51,2002-04-03,2549
717,Слишком,60,2015-06-25,2329
718,Даже на битовые,90,2016-04-16,2353
719,Образцом,11,2019-06-28,1635
720,Наш,18,2022-02-25,1095
721,"Программирования, в том",40,2006-01-10,1870
722,Организацию вычислений и структурирование,33,1988-06-03,1783
723,Время стандартная библиотека,23,1977-02-17,1362
724,"Концептуализации, определяющий",45,1953-02-09,1898
725,Организации простой интерактивной среды,26,1995-12-13,2905
726,Был целенаправленно разработан для,26,1991-07-06,1407
727,"Определение функции, которое использует",98,2015-01-25,1668
728,Использует сопоставление с,13,1977-02-20,1257
729,Программирование может,22,2011-02-26,1169
730,Образцом,68,1957-11-11,2275
731,Минималистичен.,22,2017-09-24,1614
732,Включает в себя,78,2008-03-14,1715
733,И,84,2012-11-20,1640
734,"Концептуализации,",98,2016-10-31,2706
735,В связи,39,2018-06-06,1138
736,Это,3,2009-11-26,1421
737,Функциональный язык,28,2001-12-23,4386
738,Поддерживается компанией,75,1996-09-23,1932
739,Программирования,42,2018-07-20,1102
740,На уровне,1,2015-04-11,3550
741,То,96,1970-05-24,1861
742,Распространено,92,2010-09-17,2133
743,"Совокупность идей и понятий,",41,2000-08-29,2018
744,"Программирования, отличающийся",69,1956-01-13,1200
745,В нескольких NoSQL-базах,8,2015-02-14,1913
746,"Способ концептуализации, определяющий организацию",76,1960-10-16,2634
747,Типизированный объектно-ориентированный язык,1,2017-02-14,1938
748,Erlang начала расти,6,1992-03-25,1318
749,Время стандартная,58,1990-06-13,2541
750,Язык,92,2016-08-08,1258
751,Же время,94,2020-09-07,2373
752,Самых распространённых языков,9,1992-12-05,1199
753,"В специальный байт-код, поэтому",27,2014-07-15,1000
754,"Для применения в распределённых,",60,2003-08-30,1154
755,Некоторые концепции Erlang унаследовал,6,1953-01-25,2160
756,Слишком,99,1971-07-10,3366
757,Функциональный язык программирования с,17,1988-02-16,1415
758,Распространено даже на битовые,11,2019-08-09,1270
759,В себя средства порождения,19,2005-01-11,6211
760,Из,58,2005-12-05,2190
761,"Концептуализации, определяющий организацию",66,2015-12-07,1507
762,Языка —,85,1965-03-06,3412
763,Средства порождения,68,1973-04-13,1028
764,Программирования с сильной,25,2019-03-27,1970
765,"Функции, которое использует",97,1993-09-20,1484
766,Является,0,2001-03-23,2171
767,Ericsson.,44,1972-10-06,1994
768,Высокоуровневый язык программирования общего,76,1987-04-14,1445
769,"Программирования, отличающийся обширным использованием",99,1997-02-08,1689
770,"Функции, которое использует сопоставление",6,1966-03-22,1011
771,Включает в себя средства,15,2012-02-22,4287
772,И некоторые концепции,99,1966-04-08,1266
773,Разработан для применения в,50,1997-03-18,4638
774,Может,19,1990-06-30,1924
775,Информации,68,1978-01-08,4635
776,Программирования,56,1995-12-10,3405
777,"Определение функции, которое",47,2001-08-18,1282
778,Ericsson.,54,2001-04-07,2839
779,Строго типизированный,39,2001-07-22,1243
780,"Использует сопоставление с образцом,",9,1970-04-16,1157
781,— серьёзное отношение к,51,2004-02-19,2102
782,В,91,2009-04-14,1906
783,На уровне системы,61,2009-08-19,2876
784,Минималистичен.,63,2004-10-26,1012
785,Слишком,37,2019-06-25,3593
786,Nosql-Базах,19,2018-03-25,1615
787,В специальный,52,2012-11-07,2721
788,Средства порождения,71,1999-02-02,3247
789,Средства порождения параллельных,26,1978-01-29,1084
790,—,92,2020-02-04,1666
791,"Программирования, в том числе",0,1996-02-15,1553
792,—,57,1986-01-28,2107
793,Erlang,64,2015-02-04,1998
794,Простой интерактивной среды,90,2018-06-12,2554
795,Является декларативным,16,2018-09-16,1281
796,Форма организации,31,2012-11-20,1817
797,Nosql-Базах данных высокой доступности.,41,2006-06-24,1025
798,Разработан,42,1994-01-09,1482
799,"Программирования, который",42,1975-02-12,2776
800,Типизированный,46,1970-08-09,1700
801,Век информации слишком,18,2019-12-23,3101
802,Форма организации простой интерактивной,10,1973-02-15,5581
803,Информации,37,2009-05-24,4653
804,С образцом,24,2021-03-01,1764
805,Использует,16,2006-01-10,1059
806,Чистый функциональный язык,53,2000-04-26,1929
807,Транслируются в специальный,12,1991-03-27,1546
808,Же,87,1968-06-30,1615
809,Для,6,1985-08-01,1331
810,Некоторые,72,2020-01-09,3259
811,— стиль,47,1967-07-03,2731
812,"Век информации слишком много,",68,2011-02-03,1169
813,Язык программирования с,88,2004-04-14,2124
814,Применяется в нескольких,44,1997-07-11,1290
815,"Стиль программирования, отличающийся",69,1972-03-12,2077
816,"Слишком много, чтобы",11,2004-08-17,2666
817,Же время стандартная библиотека,84,1997-08-09,1021
818,Функциональный язык программирования,86,2007-05-17,1829
819,Включает в себя средства,91,1999-08-31,1116
820,Разработан для применения,34,2016-08-18,1109
821,— функциональный,96,1955-01-16,1112
822,Java обычно,29,1989-03-14,2004
823,Чистый функциональный язык программирования,65,1978-12-14,2564
824,Распространено даже,18,1995-07-24,1770
825,Несколько парадигм,23,1978-03-17,1126
826,Организацию,39,2004-08-05,3452
827,Стандартизированный,48,2006-08-26,2345
828,С образцом,17,1992-04-24,1699
829,С образцом,35,2000-06-02,1215
830,Транслируются в,72,2020-11-13,4091
831,Программирования,86,1972-07-31,1111
832,"В специальный байт-код, поэтому",16,2007-11-06,3491
833,Одним из самых распространённых,79,2019-01-25,3892
834,Транслируются в,55,1972-03-05,5228
835,"Несколько парадигм программирования,",31,2001-03-23,2187
836,Был,34,2007-07-21,2263
837,"Концептуализации, определяющий организацию вычислений",19,2018-08-04,1241
838,Был целенаправленно разработан для,80,2021-05-25,1292
839,И некоторые концепции Erlang,14,1978-05-03,1202
840,Способ,79,2010-05-17,1370
841,Расти в связи с,79,1996-06-16,1379
842,Же время стандартная библиотека,89,2015-09-26,3210
843,И поддерживается компанией,2,2021-11-25,1242
844,Программирования,52,2010-09-12,2551
845,Средства порождения,51,1989-06-19,1707
846,Программирование,61,2020-03-03,1143
847,Расти,10,1978-04-11,3229
848,Себя,22,2001-06-09,3267
849,Nosql-Базах,17,2014-12-25,1247
850,— это совокупность идей,0,1993-09-03,1665
851,Для применения,80,2010-09-02,1246
852,"Программирования,",22,2004-08-04,1983
853,С образцом распространено,9,1992-12-08,4534
854,Разработан для,37,2003-03-15,2923
855,Высокоуровневый язык,88,2008-01-21,1771
856,Целенаправленно разработан,78,1984-08-28,1203
857,Программирование может,82,2013-07-02,1342
858,— высокоуровневый,35,1992-11-04,1221
859,Время стандартная библиотека включает,37,1988-04-24,1197
860,Программирования общего,46,2011-11-01,1157
861,Совокупность идей,40,2014-12-31,1663
862,Информации,62,1964-03-25,1870
863,Чистый,25,2004-01-09,1627
864,Же,16,2005-09-21,1942
865,Высокоуровневый язык программирования общего,75,1977-07-15,2588
866,Язык,10,1963-04-05,1838
867,Организации простой интерактивной,85,2017-09-24,2970
868,Является,66,1981-11-04,3111
869,Расти в,30,2006-05-21,1401
870,"Декларативным языком программирования, который",57,1954-03-07,1939
871,Компанией Ericsson.,14,1966-10-20,1359
872,Самых распространённых языков программирования,28,2003-01-23,2439
873,Компанией Ericsson.,96,1999-08-04,1374
874,Программирования с сильной,87,1995-03-21,1239
875,— функциональный язык,82,1997-12-20,1532
876,Распространено,38,2017-07-05,2727
877,Синтаксис и,81,2019-12-30,1955
878,С,1,2017-10-02,2325
879,То же время стандартная,50,1990-09-12,2164
880,Java,92,2014-11-19,1145
881,Начала расти в,57,1956-10-11,1275
882,Целенаправленно разработан,78,2014-06-14,1570
883,Определяющий организацию вычислений,9,1972-11-13,1686
884,— функциональный,39,1975-09-24,2888
885,Язык,2,2004-04-28,1004
886,"— стиль программирования,",25,2008-05-11,1889
887,Является декларативным,26,1994-01-04,1273
888,Средства,85,1999-12-07,4094
889,Парадигм,51,1988-07-04,1750
890,Распространено,25,2005-09-30,1797
891,Java обычно транслируются в,20,2021-09-05,1059
892,"Декларативным языком программирования, который",47,1979-11-12,1989
893,"В специальный байт-код,",29,1995-12-17,1045
894,В специальный,7,1990-03-31,1130
895,Стандартная,40,1995-02-08,3092
896,С образцом распространено даже,29,2018-09-24,3382
897,Определяющий организацию,11,2002-11-11,1089
898,Расти в связи,6,2009-12-12,3656
899,"Век информации слишком много,",4,2001-01-12,1815
900,Программирования — это совокупность,15,1990-10-02,3681
901,Распространённых,65,1992-02-23,4703
902,Был целенаправленно,10,1979-12-04,1689
903,Высокоуровневый,29,1979-11-25,1579
904,Программирования общего,53,2004-12-12,3623
905,С,67,2022-07-08,1901
906,Некоторые,57,1955-11-17,1005
907,Ядра Python,48,2020-09-27,3977
908,Поддерживаться,25,2008-06-16,1212
909,Поддерживает несколько парадигм,95,1990-06-07,1961
910,— функциональный,22,2020-05-14,1846
911,Форма,52,2020-02-27,1354
912,"Несколько парадигм программирования,",48,2009-11-12,1029
913,Язык программирования,63,2014-05-10,2671
914,Разработан для применения,13,1997-05-11,1444
915,Поддерживается,49,2007-08-31,2202
916,Средства порождения параллельных легковесных,27,2006-02-04,2949
917,Простой интерактивной среды,6,1962-08-28,4260
918,Компанией Ericsson.,38,1976-06-12,2376
919,— серьёзное отношение к,97,1996-10-22,1435
920,"Программирования,",9,1975-07-27,2649
921,Стандартная библиотека включает,15,2011-08-24,1434
922,Программирование может поддерживаться,84,2012-09-28,1434
923,"Программирования общего назначения,",63,1994-03-18,1889
924,На уровне,71,2006-08-14,3225
925,"Несколько парадигм программирования, в",0,1989-09-08,4080
926,"Несколько парадигм программирования,",56,1990-03-16,1124
927,Программирования,45,1962-08-06,5274
928,Распространённых языков программирования с,22,2011-03-15,1638
929,Программирования —,26,2020-09-19,1499
930,Простой интерактивной среды,44,1982-06-17,2696
931,"Функции, которое",68,1965-11-24,1033
932,Строго,96,2006-02-25,1232
933,Языка,48,2016-11-24,3055
934,Java обычно транслируются,95,2015-11-10,1670
935,Программирования общего,5,1984-12-11,1218
936,Образцом распространено,61,2005-12-20,2277
937,Самых распространённых языков программирования,55,1990-01-14,1029
938,Организации простой интерактивной,95,1986-06-05,1657
939,Нескольких,81,2016-09-19,1037
940,"Концептуализации, определяющий организацию",98,2001-08-06,3359
941,Стандартная,64,2001-02-13,1122
942,Себя средства,75,2013-11-23,1281
943,Объектно-Ориентированный язык,91,1997-12-16,1268
944,"Языком программирования, который",65,1993-07-19,1089
945,—,65,1976-03-30,2551
946,Стиль,2,1976-03-10,1267
947,Чистый функциональный,10,1990-01-24,1060
948,Транслируются в специальный,71,1989-12-06,1406
949,Стандартизированный чистый,24,2001-06-03,1604
950,"Слишком много, чтобы понять",83,2002-11-12,1630
951,Ericsson.,12,2020-08-31,2114
952,Время стандартная библиотека,32,2017-07-03,1174
953,Несколько,8,2014-01-06,2094
954,Включает в себя,20,2002-05-04,2103
955,"Слишком много, чтобы понять",24,2001-07-18,1064
956,Концепции Erlang,14,1973-05-21,1966
957,"Несколько парадигм программирования,",52,2005-09-19,1470
958,Erlang начала расти,44,2008-05-21,1094
959,Парадигм,31,2018-09-19,1356
960,Это совокупность идей и,91,2014-10-07,1697
961,Включает в,54,2007-08-11,1436
962,Черта языка —,33,2021-06-22,1571
963,"Определение функции, которое использует",22,2017-08-04,1431
964,Нескольких NoSQL-базах данных высокой,33,1982-05-13,5316
965,— высокоуровневый язык,44,1973-02-09,1379
966,"Несколько парадигм программирования, в",69,1993-11-14,1838
967,Строго типизированный,91,1997-08-21,1273
968,В,89,2018-06-07,1951
969,"Языком программирования,",12,2008-01-17,1070
970,Чистый,37,2006-07-07,1172
971,Поддерживаться,25,2017-08-21,1582
972,Организацию вычислений и,65,1999-04-11,2816
973,"В специальный байт-код,",23,2015-10-21,1191
974,Наш век информации слишком,4,2018-02-18,1344
975,Серьёзное,34,2012-07-14,2274
976,"Функции,",88,2017-01-14,2042
977,Nosql-Базах данных высокой доступности.,91,2013-03-04,1372
978,С,73,2016-09-06,1305
979,Чистый функциональный,50,2004-11-18,2566
980,"Транслируются в специальный байт-код,",29,1979-06-15,1670
981,Java обычно,66,2008-10-08,2907
982,Поддерживается компанией Ericsson.,80,1966-01-04,1437
983,Является,93,2007-01-30,2355
984,"Объектно-Ориентированный язык программирования,",18,1992-07-24,1897
985,"Является декларативным языком программирования,",68,1991-11-15,1378
986,Разработан,52,2011-04-04,1404
987,"Декларативным языком программирования, который",35,1995-03-10,6083
988,Для,55,2011-12-29,1292
989,Распространено даже на битовые,29,2000-06-12,1018
990,Поддерживается компанией Ericsson.,94,1970-03-11,3466
991,Применяется в нескольких NoSQL-базах,92,2013-01-07,2620
992,Чистый функциональный язык,38,1993-08-16,1065
993,— стиль,57,1979-07-01,1773
994,"Функции, которое использует",84,2000-08-18,2382
995,В,49,2003-10-30,1164
996,"Декларативным языком программирования,",70,2009-02-13,2145
997,Нескольких NoSQL-базах данных высокой,28,1955-05-13,1229
998,Целенаправленно разработан для,57,1946-10-08,2555
999,Высокоуровневый,31,2002-07-17,1023
